"ID_LOGU","ID_SARZE","LOG.ID_ZAMESTNANCA","LOG.DATUM","LOG.ZMENA_POCTU"
734,734,477,07-JUL-19,80
735,735,1246,01-APR-16,93
736,736,1526,02-JUN-16,56
737,737,477,25-JUL-19,12
738,738,1275,06-MAY-15,17
739,739,805,13-MAR-17,31
740,740,1706,07-JUN-17,89
741,741,1246,23-MAR-16,16
742,742,1824,26-FEB-19,68
743,743,1275,28-JUN-15,52
744,744,1784,30-MAR-19,19
745,745,1784,29-JUN-19,31
746,746,477,22-JUN-19,7
747,747,1246,30-APR-16,36
748,748,1784,17-MAY-19,54
749,749,1706,17-APR-17,100
750,750,477,17-MAY-19,8
751,751,1784,04-JUL-19,19
752,752,1275,11-JUN-15,82
753,753,1526,25-JUL-16,53
754,754,1706,31-JUL-17,78
755,755,477,10-JUL-19,6
756,756,805,23-FEB-17,29
757,757,907,24-MAY-19,19
758,758,1645,06-APR-15,62
759,759,389,15-JUL-19,52
760,760,1827,04-APR-18,94
761,761,1568,18-JUN-15,38
762,762,136,01-MAY-17,48
763,763,763,09-JUL-16,74
764,764,1148,11-APR-20,94
765,765,947,15-FEB-20,76
766,766,511,08-MAY-15,87
767,767,1054,28-MAR-20,34
768,768,1054,05-APR-20,6
769,769,567,21-JAN-19,45
770,770,605,05-JUN-20,25
771,771,207,12-JUN-18,68
772,772,1568,16-JUN-15,30
773,773,136,11-JAN-17,32
774,774,1057,25-JUN-16,10
775,775,567,18-FEB-19,25
776,776,1057,10-JUN-16,77
777,777,681,21-FEB-20,9
778,778,1711,24-FEB-16,3
779,779,1711,07-MAR-16,2
780,780,681,17-MAR-20,65
781,781,1780,15-JUN-19,51
782,782,855,24-APR-16,17
783,783,1780,02-MAY-19,94
784,784,1084,30-MAY-18,21
785,785,744,20-JUN-16,93
786,786,1476,12-MAY-16,9
787,787,744,28-APR-16,56
788,788,968,21-JUN-18,78
789,789,884,06-JUL-16,83
790,790,581,24-JUN-17,18
791,791,1084,20-APR-18,67
792,792,1476,19-JUL-16,94
793,793,1084,27-MAY-18,57
794,794,1981,07-MAY-20,34
795,795,581,13-JUN-17,44
796,796,1084,21-MAR-18,26
797,797,581,20-JUL-17,56
798,798,340,16-APR-17,86
799,799,1454,01-JUN-18,6
800,800,1476,18-MAY-16,76
801,801,1454,23-MAR-18,13
802,802,1429,25-MAR-18,75
803,803,212,09-MAY-18,79
804,804,750,28-MAR-16,2
805,805,1674,02-MAR-18,29
806,806,1426,11-FEB-18,64
807,807,731,21-APR-17,56
808,808,727,31-MAY-16,20
809,809,376,03-APR-20,91
810,810,376,07-JUN-20,6
811,811,212,27-FEB-18,2
812,812,1286,03-APR-17,39
813,813,727,07-APR-16,69
814,814,1294,20-APR-20,42
815,815,731,21-APR-17,85
816,816,343,28-MAR-20,89
817,817,1208,31-MAR-20,36
818,818,932,19-MAY-20,74
819,819,343,24-FEB-20,6
820,820,748,05-APR-15,3
821,821,360,12-JUN-16,57
822,822,360,24-APR-16,66
823,823,360,08-JUN-16,46
824,824,343,10-FEB-20,47
825,825,343,27-APR-20,7
826,826,458,27-MAY-18,87
827,827,930,08-APR-20,16
828,828,930,14-MAY-20,58
829,829,932,03-JUN-20,86
830,830,151,03-APR-15,68
831,831,352,10-MAY-16,58
832,832,748,09-APR-15,98
833,833,352,23-JUN-16,54
834,834,1208,10-MAR-20,16
835,835,360,16-APR-16,87
836,836,762,30-JUN-20,76
837,837,1049,17-MAY-15,90
838,838,1049,29-APR-15,59
839,839,426,15-APR-15,14
840,840,1682,19-APR-20,13
841,841,733,19-MAR-15,62
842,842,1787,23-MAR-15,92
843,843,565,30-MAR-15,37
844,844,565,23-FEB-15,28
845,845,854,05-MAY-19,81
846,846,1861,10-JUL-20,84
847,847,762,13-APR-20,34
848,848,998,13-JUL-20,73
849,849,309,30-JUN-17,83
850,850,733,30-MAY-15,44
851,851,1140,27-MAR-15,53
852,852,1336,25-JAN-15,84
853,853,974,20-APR-19,87
854,854,367,14-APR-19,15
855,855,987,03-APR-17,7
856,856,974,07-JUN-19,60
857,857,969,06-APR-19,86
858,858,1418,01-JUL-19,46
859,859,1751,19-MAR-15,83
860,860,987,24-APR-17,87
861,861,1140,19-MAY-15,92
862,862,987,15-JUL-17,76
863,863,1980,25-JAN-15,14
864,864,822,16-APR-19,89
865,865,1173,13-MAY-16,72
866,866,1596,20-APR-15,64
867,867,1574,27-MAY-17,89
868,868,556,21-MAY-19,54
869,869,1508,27-MAR-19,90
870,870,1895,30-JAN-19,67
871,871,1508,16-JUN-19,22
872,872,612,24-MAY-17,97
873,873,1508,14-APR-19,56
874,874,1993,09-FEB-16,60
875,875,271,01-MAY-18,6
876,876,1508,15-JUL-19,96
877,877,416,11-JUL-19,14
878,878,1508,18-MAY-19,97
879,879,1023,06-JUN-15,16
880,880,612,23-FEB-17,86
881,881,314,31-MAR-15,17
882,882,1596,14-JUN-15,51
883,883,612,01-MAR-17,57
884,884,556,10-APR-19,54
885,885,271,09-APR-18,6
886,886,1993,27-APR-16,85
887,887,52,21-APR-16,92
888,888,1801,15-FEB-15,37
889,889,1689,30-APR-19,36
890,890,1801,21-MAR-15,3
891,891,530,28-FEB-15,83
892,892,1508,19-JUL-19,48
893,893,1801,19-MAY-15,30
894,894,52,11-FEB-16,33
895,895,1689,22-MAR-19,53
896,896,314,19-MAR-15,51
897,897,1993,17-APR-16,18
898,898,271,19-MAY-18,93
899,899,1689,19-FEB-19,94
900,900,314,04-JUL-15,100
901,901,1023,22-MAR-15,73
902,902,556,12-APR-19,84
903,903,1801,27-MAR-15,45
904,904,1993,09-FEB-16,49
905,905,314,03-JUL-15,9
906,906,612,16-JUN-17,72
907,907,416,21-JUN-19,38
908,908,52,01-FEB-16,78
909,909,1574,24-JUN-17,80
910,910,1503,21-APR-15,58
911,911,373,18-MAR-16,66
912,912,139,02-MAY-19,7
913,913,1063,14-APR-15,87
914,914,1383,20-APR-18,62
915,915,577,16-MAY-18,90
916,916,317,13-JUN-16,89
917,917,1715,06-MAR-16,9
918,918,1715,24-JAN-16,59
919,919,1472,04-FEB-19,48
920,920,1758,21-APR-19,20
921,921,1017,06-FEB-16,87
922,922,1846,16-MAY-17,55
923,923,1715,17-FEB-16,24
924,924,1472,10-APR-19,38
925,925,276,08-MAY-17,21
926,926,737,16-APR-15,74
927,927,1715,25-JAN-16,67
928,928,1393,12-APR-19,69
929,929,1238,14-JUL-15,100
930,930,978,14-MAR-15,35
931,931,978,02-APR-15,60
932,932,1715,09-JAN-16,94
933,933,176,01-JUN-20,72
934,934,327,30-JUN-15,87
935,935,123,30-MAY-17,59
936,936,979,20-JUN-17,74
937,937,1406,23-JUL-17,10
938,938,952,23-JUN-19,41
939,939,1769,11-JAN-15,43
940,940,711,20-JUL-15,76
941,941,1475,23-MAR-19,84
942,942,920,15-APR-20,20
943,943,829,20-FEB-15,46
944,944,829,23-MAR-15,80
945,945,1497,10-JUL-20,30
946,946,1652,06-JUL-15,64
947,947,1497,01-APR-20,53
948,948,123,11-MAR-17,2
949,949,1497,16-JUN-20,64
950,950,979,17-APR-17,26
951,951,952,29-JUN-19,1
952,952,436,31-MAY-18,6
953,953,1406,19-JUL-17,52
954,954,436,24-JUN-18,46
955,955,1406,23-JUL-17,53
956,956,1464,12-MAY-17,10
957,957,436,13-APR-18,89
958,958,1406,14-APR-17,77
959,959,885,20-APR-18,30
960,960,1628,04-MAR-20,96
961,961,1571,02-JUN-18,72
962,962,1571,01-MAY-18,21
963,963,41,24-MAY-15,56
964,964,515,13-APR-17,30
965,965,1628,23-APR-20,97
966,966,242,09-APR-16,58
967,967,1727,11-APR-20,37
968,968,1571,27-APR-18,33
969,969,99,05-APR-18,80
970,970,1752,25-MAR-15,21
971,971,515,05-APR-17,32
972,972,1571,08-APR-18,45
973,973,885,07-MAR-18,86
974,974,1798,14-MAR-16,72
975,975,1777,26-MAY-17,57
976,976,818,09-JUN-15,59
977,977,818,13-APR-15,94
978,978,1183,05-APR-15,80
979,979,714,17-MAY-18,47
980,980,993,02-JUN-16,10
981,981,1537,29-MAY-15,48
982,982,818,25-MAY-15,19
983,983,993,05-JUL-16,92
984,984,1182,25-APR-16,18
985,985,476,28-JUL-15,37
986,986,1182,05-MAR-16,54
987,987,714,22-JUL-18,83
988,988,602,21-APR-20,80
989,989,1777,15-JUN-17,95
990,990,1777,29-MAR-17,3
991,991,870,11-APR-20,66
992,992,1280,30-APR-15,17
993,993,1741,17-APR-20,81
994,994,714,19-JUN-18,69
995,995,818,07-JUL-15,69
996,996,602,26-JAN-20,23
997,997,1182,31-MAR-16,33
998,998,1183,27-MAR-15,50
999,999,1473,21-APR-18,34
1000,1000,1777,31-MAR-17,36
1001,1001,602,01-FEB-20,48
1002,1002,714,11-APR-18,94
1003,1003,1777,03-APR-17,28
1004,1004,870,19-JUN-20,45
1005,1005,1183,08-APR-15,17
1006,1006,602,19-APR-20,39
1007,1007,1741,17-APR-20,16
1008,1008,602,20-FEB-20,51
1009,1009,1280,05-FEB-15,19
1010,1010,476,20-APR-15,32
1011,1011,870,26-JUN-20,95
1012,1012,1183,07-MAY-15,55
1013,1013,818,24-JUN-15,3
1014,1014,1280,06-MAY-15,89
1015,1015,1183,25-APR-15,70
1016,1016,1280,14-FEB-15,18
1017,1017,870,27-MAR-20,72
1018,1018,818,21-MAY-15,50
1019,1019,1777,08-APR-17,93
1020,1020,666,01-MAY-19,2
1021,1021,1741,27-MAY-20,65
1022,1022,113,22-APR-17,27
1023,1023,665,30-APR-17,92
1024,1024,809,28-JAN-16,88
1025,1025,12,29-JUN-19,28
1026,1026,113,14-MAR-17,95
1027,1027,986,11-APR-20,49
1028,1028,1024,17-MAR-16,64
1029,1029,1021,05-APR-15,6
1030,1030,749,29-APR-20,46
1031,1031,1021,31-JAN-15,12
1032,1032,1474,30-JUL-15,81
1033,1033,749,12-MAY-20,37
1034,1034,942,08-MAY-17,37
1035,1035,705,21-MAY-15,55
1036,1036,513,01-APR-20,88
1037,1037,1684,09-APR-15,12
1038,1038,1849,04-APR-15,23
1039,1039,758,08-MAR-16,1
1040,1040,1416,27-MAR-16,14
1041,1041,1849,25-JUN-15,13
1042,1042,1808,29-JUL-18,24
1043,1043,1223,15-FEB-16,29
1044,1044,394,25-MAR-17,7
1045,1045,163,13-FEB-18,1
1046,1046,1152,06-APR-17,32
1047,1047,856,21-MAR-17,40
1048,1048,848,02-JUN-20,86
1049,1049,800,09-MAR-17,18
1050,1050,800,24-MAR-17,53
1051,1051,1223,27-MAR-16,37
1052,1052,843,25-JUN-16,50
1053,1053,649,29-APR-16,41
1054,1054,1822,27-JUL-20,15
1055,1055,856,02-APR-17,56
1056,1056,1152,09-MAY-17,100
1057,1057,1291,22-MAY-20,61
1058,1058,649,18-JUL-16,31
1059,1059,856,05-MAY-17,2
1060,1060,856,10-APR-17,94
1061,1061,1152,23-JUN-17,100
1062,1062,856,27-FEB-17,81
1063,1063,1591,19-APR-17,20
1064,1064,935,24-APR-17,76
1065,1065,1291,25-MAY-20,10
1066,1066,1501,22-APR-20,40
1067,1067,1822,03-JUN-20,60
1068,1068,935,10-JUN-17,56
1069,1069,1822,07-JUL-20,78
1070,1070,1501,20-APR-20,73
1071,1071,1242,05-MAY-15,28
1072,1072,116,14-MAR-19,37
1073,1073,93,14-MAR-16,34
1074,1074,175,17-MAR-19,10
1075,1075,1693,08-FEB-15,53
1076,1076,1563,23-JAN-15,95
1077,1077,816,10-MAR-16,71
1078,1078,835,04-JUN-20,40
1079,1079,1563,08-FEB-15,69
1080,1080,726,27-FEB-18,60
1081,1081,1635,01-JUL-15,63
1082,1082,1563,22-JAN-15,71
1083,1083,1242,21-JUN-15,47
1084,1084,14,29-MAR-15,74
1085,1085,93,29-JAN-16,58
1086,1086,1053,30-MAY-20,45
1087,1087,1463,21-FEB-17,58
1088,1088,1037,13-FEB-20,14
1089,1089,833,22-APR-19,57
1090,1090,1053,13-MAY-20,63
1091,1091,1567,22-FEB-17,27
1092,1092,1463,10-MAY-17,89
1093,1093,1251,19-MAY-15,91
1094,1094,1539,16-MAR-15,69
1095,1095,1251,22-JUL-15,29
1096,1096,1053,22-MAR-20,20
1097,1097,1053,09-MAY-20,6
1098,1098,1539,23-MAY-15,88
1099,1099,1251,07-MAY-15,92
1100,1100,1053,26-FEB-20,99
1101,1101,1251,26-JUN-15,16
1102,1102,1053,21-MAY-20,69
1103,1103,1334,06-MAY-17,51
1104,1104,1334,07-JUL-17,46
1105,1105,833,03-APR-19,67
1106,1106,1570,07-MAY-19,6
1107,1107,1539,02-MAR-15,54
1108,1108,833,14-APR-19,31
1109,1109,1037,12-FEB-20,5
1110,1110,1251,07-MAY-15,59
1111,1111,1567,16-MAY-17,55
1112,1112,1037,06-MAY-20,79
1113,1113,1539,02-APR-15,51
1114,1114,1334,24-MAY-17,97
1115,1115,1053,19-APR-20,45
1116,1116,1265,04-MAR-20,8
1117,1117,179,11-JUL-16,80
1118,1118,179,09-APR-16,26
1119,1119,385,19-APR-19,85
1120,1120,1359,05-FEB-19,1
1121,1121,179,27-MAY-16,25
1122,1122,1126,14-APR-19,19
1123,1123,1359,27-APR-19,33
1124,1124,1359,26-APR-19,74
1125,1125,1471,02-MAY-17,5
1126,1126,1359,16-MAY-19,38
1127,1127,642,08-JUL-18,50
1128,1128,1253,06-JUL-17,33
1129,1129,917,11-APR-20,25
1130,1130,154,01-APR-18,89
1131,1131,917,28-APR-20,20
1132,1132,179,17-JUN-16,83
1133,1133,838,07-MAY-18,53
1134,1134,1709,01-MAR-16,17
1135,1135,1709,09-APR-16,32
1136,1136,1283,05-FEB-20,13
1137,1137,1494,15-FEB-20,42
1138,1138,1071,08-MAY-15,8
1139,1139,1709,16-MAR-16,13
1140,1140,1494,07-MAY-20,62
1141,1141,1494,04-MAR-20,26
1142,1142,776,08-JAN-17,66
1143,1143,1494,09-APR-20,24
1144,1144,1881,06-APR-18,73
1145,1145,1538,02-JUL-20,23
1146,1146,239,02-MAY-17,79
1147,1147,1071,20-FEB-15,30
1148,1148,1283,19-MAR-20,38
1149,1149,838,05-JUN-18,13
1150,1150,239,10-MAY-17,56
1151,1151,1934,03-JUL-17,64
1152,1152,1494,22-MAR-20,36
1153,1153,169,08-JUN-20,53
1154,1154,1538,25-MAR-20,29
1155,1155,487,18-MAR-18,23
1156,1156,1538,27-MAY-20,45
1157,1157,1283,12-FEB-20,65
1158,1158,1685,01-JUL-15,89
1159,1159,1283,24-APR-20,28
1160,1160,1071,29-JAN-15,55
1161,1161,1494,13-APR-20,13
1162,1162,1881,06-JUL-18,47
1163,1163,239,07-MAR-17,51
1164,1164,239,07-MAR-17,1
1165,1165,1283,03-MAY-20,8
1166,1166,1685,31-MAY-15,19
1167,1167,1805,31-MAR-20,42
1168,1168,209,23-MAY-16,12
1169,1169,960,11-MAY-19,92
1170,1170,217,27-FEB-18,31
1171,1171,1457,19-MAR-20,35
1172,1172,240,09-MAR-16,22
1173,1173,1805,29-FEB-20,62
1174,1174,217,15-MAR-18,17
1175,1175,1857,16-JUN-15,46
1176,1176,217,19-APR-18,100
1177,1177,1457,22-APR-20,29
1178,1178,547,27-MAR-18,26
1179,1179,549,06-JUN-18,32
1180,1180,209,29-APR-16,30
1181,1181,1857,22-APR-15,6
1182,1182,1457,21-APR-20,19
1183,1183,549,30-MAY-18,8
1184,1184,1785,22-FEB-16,26
1185,1185,1462,17-JUN-20,56
1186,1186,240,17-MAR-16,36
1187,1187,240,23-MAR-16,3
1188,1188,1785,01-FEB-16,63
1189,1189,1457,13-FEB-20,53
1190,1190,521,09-JUN-16,40
1191,1191,1793,24-FEB-17,6
1192,1192,1259,14-APR-20,51
1193,1193,521,30-MAR-16,70
1194,1194,1216,14-FEB-16,19
1195,1195,1865,06-AUG-20,41
1196,1196,1411,08-JUL-20,97
1197,1197,106,25-JUL-16,64
1198,1198,1411,15-JUN-20,7
1199,1199,1506,06-FEB-19,13
1200,1200,1411,13-MAR-20,27
1201,1201,1809,14-MAY-15,53
1202,1202,1216,11-MAY-16,94
1203,1203,1437,21-MAY-19,67
1204,1204,106,01-MAY-16,94
1205,1205,196,07-MAR-16,50
1206,1206,1216,22-APR-16,9
1207,1207,178,29-JUN-18,88
1208,1208,1216,08-APR-16,26
1209,1209,1865,08-JUL-20,52
1210,1210,866,12-JUN-17,74
1211,1211,1809,10-MAY-15,2
1212,1212,178,01-APR-18,39
1213,1213,178,07-JUL-18,83
1214,1214,866,13-JUN-17,56
1215,1215,178,06-JUN-18,96
1216,1216,196,15-MAR-16,37
1217,1217,866,04-JUN-17,30
1,1,410,19-MAR-19,95
2,2,734,25-JUN-20,28
3,3,1306,11-MAY-19,21
4,4,1989,04-JUN-16,86
5,5,1316,31-MAY-15,84
6,6,100,15-FEB-15,78
7,7,647,30-APR-15,44
8,8,1439,02-JUL-16,34
9,9,91,25-JUL-20,41
10,10,1782,19-JUN-16,80
11,11,882,20-JAN-16,95
12,12,91,03-JUL-20,11
13,13,1176,06-AUG-20,97
14,14,882,31-MAR-16,66
15,15,647,10-APR-15,46
16,16,1932,20-MAY-17,35
17,17,1313,17-JAN-15,31
18,18,190,04-MAR-19,92
19,19,1782,16-APR-16,69
20,20,1320,18-APR-18,34
21,21,1176,05-AUG-20,64
22,22,494,17-APR-18,95
23,23,155,12-MAR-15,82
24,24,1705,04-JUN-16,14
25,25,287,07-APR-20,42
26,26,564,30-JAN-15,50
27,27,1335,26-MAY-17,24
28,28,1686,18-FEB-17,76
29,29,1686,17-JAN-17,25
30,30,1431,08-APR-16,18
31,31,1385,06-APR-16,9
32,32,1375,02-APR-19,44
33,33,1375,07-MAY-19,63
34,34,1434,03-MAY-20,69
35,35,1375,23-APR-19,77
36,36,1264,11-MAR-16,99
37,37,1398,11-MAY-18,73
38,38,1431,03-MAR-16,39
39,39,1385,09-MAY-16,64
40,40,1434,10-FEB-20,16
41,41,1135,15-MAY-20,15
42,42,1431,05-MAY-16,38
43,43,1753,21-MAR-17,54
44,44,1431,15-MAR-16,44
45,45,351,12-MAY-17,33
46,46,658,19-MAY-18,39
47,47,1924,20-MAR-17,14
48,48,590,07-JUN-20,16
49,49,658,03-MAR-18,54
50,50,1375,19-JUN-19,11
51,51,1375,07-JUN-19,9
52,52,1753,08-APR-17,36
53,53,658,21-FEB-18,92
54,54,1924,12-FEB-17,84
55,55,1375,23-JUL-19,49
56,56,1385,13-APR-16,35
57,57,1434,29-MAR-20,97
58,58,1385,03-APR-16,91
59,59,658,13-FEB-18,18
60,60,1385,24-MAR-16,22
61,61,351,26-JAN-17,12
62,62,1431,26-MAR-16,48
63,63,1375,24-JUN-19,96
64,64,590,16-MAY-20,74
65,65,1264,09-MAR-16,67
66,66,1375,26-APR-19,3
67,67,297,03-MAR-18,87
68,68,1240,14-MAY-19,50
69,69,1898,10-APR-16,54
70,70,467,22-MAR-20,14
71,71,824,28-APR-16,78
72,72,297,01-MAR-18,25
73,73,1240,05-APR-19,73
74,74,1878,23-MAR-20,14
75,75,1878,22-JUN-20,24
76,76,1764,19-FEB-18,47
77,77,1240,30-MAY-19,47
78,78,1523,24-APR-15,88
79,79,1878,18-MAR-20,33
80,80,1878,13-JUN-20,37
81,81,1258,11-APR-18,91
82,82,754,06-JUN-15,68
83,83,2000,16-JUN-16,95
84,84,1523,01-JUN-15,15
85,85,370,24-MAY-16,90
86,86,1010,17-MAY-17,48
87,87,922,25-MAR-17,21
88,88,295,13-JUL-16,81
89,89,660,18-MAY-17,50
90,90,518,19-MAY-17,81
91,91,630,15-MAR-16,11
92,92,660,01-APR-17,25
93,93,732,24-MAR-17,16
94,94,732,24-MAR-17,93
95,95,1821,26-MAY-19,77
96,96,630,26-APR-16,69
97,97,1338,29-JAN-19,43
98,98,316,02-MAR-20,46
99,99,1421,12-MAR-18,34
100,100,1484,07-MAR-20,90
101,101,127,07-MAY-17,77
102,102,892,02-MAR-17,76
103,103,184,09-APR-20,54
104,104,1387,25-JUL-15,67
105,105,1421,05-MAR-18,50
106,106,1833,28-APR-15,1
107,107,127,22-APR-17,77
108,108,316,23-APR-20,37
109,109,853,23-APR-18,79
110,110,853,21-MAY-18,72
111,111,954,01-MAY-16,36
112,112,1128,24-JUN-16,82
113,113,1577,15-JUN-19,62
114,114,1577,11-MAR-19,66
115,115,184,28-MAY-20,40
116,116,1766,28-FEB-20,51
117,117,127,19-JUN-17,81
118,118,1387,14-MAY-15,94
119,119,1421,18-JAN-18,50
120,120,1484,19-MAY-20,26
121,121,1421,17-MAR-18,100
122,122,1128,21-JUL-16,29
123,123,316,22-MAR-20,100
124,124,1339,28-JAN-20,48
125,125,985,12-MAR-19,74
126,126,1484,21-MAY-20,27
127,127,1387,30-APR-15,16
128,128,892,09-MAY-17,100
129,129,892,26-MAR-17,36
130,130,1322,02-MAY-18,93
131,131,1339,15-MAR-20,42
132,132,1421,04-MAY-18,17
133,133,490,26-APR-18,4
134,134,799,08-MAR-18,8
135,135,1530,12-JUN-17,73
136,136,490,22-APR-18,14
137,137,1616,23-JUL-15,96
138,138,588,08-MAR-18,2
139,139,1244,28-MAY-17,78
140,140,1542,29-MAR-19,41
141,141,1830,16-APR-15,44
142,142,490,27-APR-18,34
143,143,1830,21-MAR-15,31
144,144,636,01-JUN-15,83
145,145,569,29-JUN-18,21
146,146,799,15-MAR-18,40
147,147,483,17-MAY-15,6
148,148,1159,26-FEB-15,98
149,149,409,12-JUL-16,3
150,150,553,31-MAY-19,16
151,151,267,24-FEB-20,30
152,152,735,12-MAR-17,28
153,153,174,29-MAR-15,43
154,154,1541,03-MAY-20,13
155,155,1198,28-APR-18,43
156,156,174,12-JAN-15,99
157,157,267,20-APR-20,99
158,158,1915,29-APR-15,28
159,159,572,17-JUL-16,98
160,160,573,15-APR-15,56
161,161,944,22-JUN-17,8
162,162,1931,24-FEB-19,67
163,163,1067,17-JUN-17,78
164,164,1190,05-APR-15,4
165,165,1067,22-MAR-17,77
166,166,939,27-MAR-20,47
167,167,450,20-APR-20,38
168,168,502,14-JUN-15,35
169,169,1961,19-MAR-19,78
170,170,1042,08-FEB-17,58
171,171,502,10-APR-15,68
172,172,939,21-FEB-20,28
173,173,1067,01-APR-17,67
174,174,329,08-MAR-17,33
175,175,1190,13-MAR-15,37
176,176,827,03-APR-15,91
177,177,827,23-FEB-15,67
178,178,1076,29-MAY-19,14
179,179,502,10-APR-15,21
180,180,1042,31-MAY-17,10
181,181,1959,19-MAR-16,19
182,182,827,02-APR-15,95
183,183,827,05-MAY-15,65
184,184,1076,13-MAY-19,59
185,185,1931,15-MAR-19,11
186,186,450,02-JUL-20,83
187,187,1076,17-JUN-19,13
188,188,939,19-APR-20,19
189,189,1190,21-JUN-15,42
190,190,1961,10-MAY-19,20
191,191,700,02-APR-16,80
192,192,1792,20-MAR-19,34
193,193,428,11-MAY-16,69
194,194,1740,16-MAY-16,69
195,195,1427,08-FEB-15,82
196,196,1779,19-MAY-20,34
197,197,1016,01-MAY-18,72
198,198,1779,02-MAR-20,76
199,199,498,16-MAR-18,98
200,200,1444,08-APR-17,33
201,201,653,22-JUN-17,6
202,202,1525,20-MAR-16,40
203,203,1444,30-APR-17,90
204,204,657,13-JUN-16,31
205,205,498,16-MAY-18,7
206,206,223,15-APR-17,94
207,207,1610,29-MAR-15,62
208,208,1444,14-FEB-17,81
209,209,1321,24-JUL-19,73
210,210,319,28-MAR-19,69
211,211,542,08-JUL-15,55
212,212,1610,01-APR-15,65
213,213,693,27-APR-19,28
214,214,223,02-AUG-17,66
215,215,223,30-JUL-17,58
216,216,542,11-JUL-15,70
217,217,1321,02-JUL-19,97
218,218,1610,13-JAN-15,35
219,219,693,07-APR-19,43
220,220,1209,18-MAR-18,79
221,221,1610,02-MAR-15,32
222,222,996,05-JUN-16,42
223,223,223,18-JUL-17,53
224,224,542,18-MAR-15,26
225,225,1210,19-JUL-18,66
226,226,1889,26-JUN-18,3
227,227,896,21-MAY-20,42
228,228,1374,21-JUL-18,65
229,229,358,26-APR-17,27
230,230,1156,07-JUL-17,66
231,231,404,24-FEB-16,11
232,232,1156,27-JUN-17,72
233,233,1778,13-JUN-16,88
234,234,1889,19-MAY-18,44
235,235,1156,24-MAY-17,90
236,236,1883,11-MAY-18,97
237,237,1883,05-MAY-18,71
238,238,134,26-MAY-19,85
239,239,1778,22-JUN-16,62
240,240,1374,20-JUL-18,91
241,241,1778,12-APR-16,17
242,242,1778,18-MAY-16,73
243,243,404,02-FEB-16,42
244,244,1374,28-JUN-18,47
245,245,431,25-MAY-16,12
246,246,722,16-FEB-17,3
247,247,976,14-MAR-17,41
248,248,1547,08-APR-16,12
249,249,144,28-FEB-20,92
250,250,815,05-MAR-16,92
251,251,761,18-MAR-20,52
252,252,761,12-FEB-20,3
253,253,616,07-MAY-16,36
254,254,761,07-MAR-20,45
255,255,146,10-APR-17,87
256,256,863,24-JUL-18,38
257,257,497,19-APR-19,31
258,258,1703,26-MAY-19,46
259,259,1077,19-APR-15,48
260,260,1362,06-JUN-20,81
261,261,146,10-APR-17,54
262,262,641,24-APR-20,86
263,263,497,11-MAR-19,95
264,264,684,01-JUN-18,90
265,265,616,24-MAY-16,40
266,266,1446,21-MAY-17,65
267,267,760,12-APR-16,31
268,268,755,08-MAY-15,45
269,269,22,14-MAY-20,52
270,270,1698,05-JUL-18,90
271,271,1667,27-JUN-20,28
272,272,425,06-FEB-19,40
273,273,544,29-MAY-17,35
274,274,620,28-APR-19,79
275,275,1734,20-MAR-20,74
276,276,755,02-MAY-15,61
277,277,1000,05-JUL-17,16
278,278,940,16-MAY-19,37
279,279,760,08-FEB-16,54
280,280,425,20-FEB-19,34
281,281,1000,13-JUN-17,28
282,282,1360,19-MAY-19,17
283,283,720,28-MAR-18,77
284,284,425,03-MAY-19,23
285,285,644,22-JUL-17,98
286,286,771,08-JUN-17,56
287,287,1293,02-APR-20,39
288,288,15,30-MAY-18,25
289,289,858,18-MAR-18,33
290,290,644,02-JUN-17,21
291,291,1337,01-APR-19,64
292,292,698,22-APR-17,70
293,293,95,23-MAY-20,42
294,294,771,27-MAY-17,68
295,295,1239,25-JAN-15,91
296,296,290,01-MAY-20,8
297,297,1124,24-APR-18,68
298,298,1112,27-MAR-15,77
299,299,644,13-JUL-17,74
300,300,644,21-MAY-17,66
301,301,1166,06-MAY-20,66
302,302,210,01-MAY-20,16
303,303,210,06-JUN-20,23
304,304,445,10-APR-16,79
305,305,570,17-APR-20,93
306,306,1236,27-JAN-16,81
307,307,1236,30-APR-16,4
308,308,1442,13-APR-19,33
309,309,622,14-JUN-18,35
310,310,570,29-MAR-20,30
311,311,570,18-APR-20,1
312,312,924,15-JUL-17,22
313,313,1442,26-JUN-19,100
314,314,1006,03-JUL-15,41
315,315,1236,10-MAR-16,73
316,316,570,03-MAY-20,60
317,317,1006,14-APR-15,10
318,318,622,01-MAY-18,4
319,319,570,27-MAY-20,54
320,320,570,17-MAY-20,72
321,321,1236,23-MAR-16,85
322,322,1006,19-APR-15,18
323,323,570,13-MAR-20,41
324,324,1442,27-APR-19,23
325,325,924,13-MAY-17,36
326,326,570,02-JUN-20,72
327,327,1236,24-APR-16,83
328,328,1006,07-JUL-15,6
329,329,210,12-APR-20,23
330,330,1775,18-MAY-19,47
331,331,445,31-JAN-16,58
332,332,210,03-APR-20,63
333,333,1775,10-APR-19,64
334,334,622,09-APR-18,69
335,335,1006,07-MAY-15,56
336,336,1442,19-MAY-19,85
337,337,445,21-APR-16,28
338,338,1636,18-MAY-16,55
339,339,1922,30-JUN-20,58
340,340,1634,02-MAY-16,27
341,341,89,14-JUN-16,73
342,342,419,27-MAR-15,2
343,343,1922,16-JUL-20,92
344,344,89,03-JUL-16,45
345,345,419,19-APR-15,47
346,346,1357,31-MAR-18,15
347,347,1800,12-APR-15,38
348,348,1840,22-JUN-17,25
349,349,1840,22-MAR-17,4
350,350,1840,22-MAY-17,23
351,351,1860,09-MAR-19,52
352,352,1860,18-JUN-19,34
353,353,1860,25-MAY-19,34
354,354,131,07-MAR-18,2
355,355,1858,27-FEB-16,55
356,356,1310,12-JUN-20,69
357,357,1163,23-MAY-17,55
358,358,131,23-APR-18,64
359,359,1357,18-JUN-18,25
360,360,1310,10-MAY-20,4
361,361,1303,09-MAY-17,57
362,362,1310,14-JUN-20,28
363,363,131,15-MAR-18,9
364,364,1101,10-APR-20,84
365,365,131,17-FEB-18,87
366,366,131,28-FEB-18,87
367,367,1310,29-FEB-20,77
368,368,1357,10-MAY-18,78
369,369,791,18-APR-20,20
370,370,1163,30-MAR-17,86
371,371,1858,08-FEB-16,36
372,372,1858,13-APR-16,76
373,373,1310,19-JUN-20,63
374,374,1310,12-APR-20,43
375,375,1800,22-MAR-15,6
376,376,1863,18-MAY-17,14
377,377,1357,16-APR-18,7
378,378,1163,28-MAR-17,33
379,379,1310,02-MAY-20,84
380,380,1917,04-APR-20,97
381,381,1840,04-JUN-17,77
382,382,1863,11-MAR-17,3
383,383,1840,29-JUN-17,77
384,384,1163,03-MAY-17,62
385,385,131,23-MAR-18,31
386,386,1800,08-APR-15,29
387,387,1163,19-MAY-17,8
388,388,1800,08-JUN-15,80
389,389,1917,18-MAR-20,59
390,390,1101,28-APR-20,97
391,391,1357,07-APR-18,51
392,392,1840,20-MAY-17,84
393,393,1860,21-APR-19,60
394,394,791,17-JUN-20,28
395,395,791,02-MAY-20,14
396,396,1954,27-FEB-20,24
397,397,1869,12-MAY-20,52
398,398,1913,30-JUN-16,49
399,399,1954,18-APR-20,91
400,400,1869,29-MAY-20,56
401,401,1913,29-MAR-16,95
402,402,1869,23-APR-20,20
403,403,1080,07-APR-15,92
404,404,902,24-APR-15,96
405,405,1608,08-JUN-19,25
406,406,1608,18-MAR-19,85
407,407,1080,21-JUN-15,35
408,408,1662,15-MAR-20,16
409,409,1080,09-MAR-15,76
410,410,1608,16-APR-19,72
411,411,902,27-APR-15,37
412,412,1608,19-MAY-19,81
413,413,17,05-JUL-16,66
414,414,1954,07-APR-20,1
415,415,1869,22-MAY-20,26
416,416,182,04-MAY-15,53
417,417,1913,13-MAR-16,13
418,418,902,26-JAN-15,26
419,419,902,02-MAY-15,61
420,420,902,13-FEB-15,56
421,421,1662,13-MAY-20,45
422,422,1869,01-MAY-20,1
423,423,1080,19-JUN-15,61
424,424,1662,14-APR-20,28
425,425,902,10-APR-15,13
426,426,1913,23-MAR-16,18
427,427,1913,21-JUN-16,53
428,428,902,02-APR-15,5
429,429,1608,02-MAY-19,74
430,430,558,08-MAY-18,69
431,431,454,25-APR-17,79
432,432,397,29-FEB-20,92
433,433,607,28-MAY-20,55
434,434,454,15-MAY-17,70
435,435,1631,08-APR-15,19
436,436,138,17-JUN-15,52
437,437,1631,05-MAY-15,71
438,438,618,13-APR-16,15
439,439,330,10-APR-19,11
440,440,454,16-MAR-17,38
441,441,983,28-MAR-16,77
442,442,634,03-FEB-15,88
443,443,614,09-APR-20,25
444,444,614,22-APR-20,56
445,445,634,06-MAR-15,81
446,446,449,11-MAR-19,46
447,447,1351,03-FEB-18,12
448,448,1653,21-JUN-18,34
449,449,101,27-JAN-15,85
450,450,706,26-MAR-16,13
451,451,522,07-APR-20,7
452,452,1351,08-APR-18,96
453,453,1070,29-JAN-18,89
454,454,633,10-APR-18,6
455,455,1618,22-JUL-15,82
456,456,380,23-MAY-20,22
457,457,1184,09-JAN-15,10
458,458,1040,12-JUL-18,19
459,459,819,26-MAR-16,74
460,460,668,01-JUL-18,4
461,461,1661,10-MAY-20,83
462,462,380,23-JUL-20,29
463,463,315,19-APR-20,85
464,464,668,08-JUL-18,47
465,465,1184,17-JAN-15,23
466,466,392,17-MAY-20,56
467,467,669,26-APR-15,24
468,468,819,29-JAN-16,90
469,469,1184,25-APR-15,40
470,470,633,05-JUN-18,81
471,471,392,17-APR-20,61
472,472,380,04-MAY-20,49
473,473,1184,11-JAN-15,88
474,474,953,27-FEB-15,61
475,475,364,25-JAN-17,45
476,476,381,14-MAR-15,93
477,477,298,24-APR-20,92
478,478,298,25-APR-20,45
479,479,1748,30-JAN-18,56
480,480,953,17-APR-15,65
481,481,103,05-APR-18,18
482,482,298,11-APR-20,30
483,483,772,16-MAR-18,32
484,484,953,06-APR-15,69
485,485,746,25-APR-19,87
486,486,459,02-JUL-15,55
487,487,364,09-MAR-17,56
488,488,746,19-MAY-19,8
489,489,857,12-JUL-20,80
490,490,561,21-APR-17,33
491,491,561,24-JAN-17,1
492,492,857,04-AUG-20,51
493,493,953,11-MAY-15,41
494,494,561,06-MAY-17,66
495,495,381,24-JAN-15,9
496,496,857,18-JUN-20,79
497,497,772,28-APR-18,93
498,498,381,22-MAR-15,51
499,499,746,11-MAY-19,53
500,500,103,19-APR-18,28
501,501,772,21-FEB-18,55
502,502,1602,11-JUL-17,3
503,503,772,28-MAR-18,10
504,504,381,16-FEB-15,87
505,505,381,03-MAY-15,40
506,506,459,19-JUL-15,50
507,507,298,17-JUN-20,70
508,508,772,15-MAR-18,47
509,509,953,21-MAY-15,95
510,510,1955,05-JUL-19,88
511,511,589,15-APR-18,98
512,512,482,18-FEB-15,4
513,513,418,20-MAR-17,25
514,514,482,28-APR-15,30
515,515,1626,10-MAR-18,91
516,516,251,07-JUN-19,74
517,517,631,08-MAY-17,22
518,518,631,19-JUN-17,19
519,519,631,15-APR-17,81
520,520,1666,09-APR-20,3
521,521,808,06-JUN-15,63
522,522,589,20-FEB-18,79
523,523,1666,25-JAN-20,27
524,524,1540,12-JUL-15,69
525,525,1973,21-APR-15,54
526,526,1955,28-APR-19,98
527,527,418,02-APR-17,60
528,528,1485,03-APR-15,75
529,529,1804,27-FEB-16,81
530,530,1695,22-APR-19,17
531,531,308,30-APR-19,68
532,532,1776,10-JUN-16,26
533,533,673,15-APR-18,52
534,534,1546,16-APR-18,92
535,535,308,05-APR-19,70
536,536,1292,12-APR-19,46
537,537,673,17-JUN-18,91
538,538,1483,02-APR-15,45
539,539,339,29-MAY-17,41
540,540,1292,04-APR-19,65
541,541,562,22-APR-18,88
542,542,950,08-MAY-17,17
543,543,1350,06-MAR-15,30
544,544,1027,30-JUN-17,2
545,545,1350,13-JUN-15,76
546,546,1136,18-MAR-18,71
547,547,786,12-MAR-19,32
548,548,916,05-JUL-18,46
549,549,1295,26-MAR-20,93
550,550,643,03-MAR-19,62
551,551,468,10-MAR-19,57
552,552,1027,12-MAY-17,55
553,553,643,29-MAY-19,40
554,554,1295,16-MAR-20,99
555,555,1923,06-MAR-17,95
556,556,562,03-MAR-18,89
557,557,916,22-JUN-18,74
558,558,149,12-JUN-17,19
559,559,562,03-MAY-18,18
560,560,149,21-JUN-17,59
561,561,1923,12-JAN-17,22
562,562,1027,17-APR-17,85
563,563,149,28-MAY-17,64
564,564,1295,05-APR-20,24
565,565,1687,14-APR-18,80
566,566,468,11-MAR-19,84
567,567,950,25-JUL-17,53
568,568,562,09-APR-18,78
569,569,562,03-MAY-18,58
570,570,468,05-FEB-19,63
571,571,950,04-JUL-17,35
572,572,643,05-MAR-19,27
573,573,916,11-JUN-18,95
574,574,916,29-APR-18,72
575,575,1136,06-MAR-18,51
576,576,1295,16-MAR-20,64
577,577,348,25-JUN-20,67
578,578,643,17-MAR-19,7
579,579,348,22-MAY-20,61
580,580,786,11-APR-19,94
581,581,149,27-MAR-17,28
582,582,1648,20-APR-19,78
583,583,1648,02-APR-19,18
584,584,76,01-MAR-19,54
585,585,235,29-MAR-20,29
586,586,1623,23-MAR-16,51
587,587,795,15-JUN-16,29
588,588,230,08-JUL-20,91
589,589,582,22-JAN-20,60
590,590,1623,15-APR-16,82
591,591,1623,29-FEB-16,90
592,592,1726,12-JUN-16,95
593,593,249,14-MAR-18,64
594,594,759,07-JUN-20,75
595,595,235,31-MAY-20,12
596,596,405,02-MAY-20,69
597,597,256,30-APR-20,23
598,598,1008,03-MAY-18,94
599,599,256,29-APR-20,31
600,600,321,11-JUN-17,71
601,601,256,29-MAY-20,11
602,602,1008,16-JUN-18,21
603,603,321,29-MAY-17,26
604,604,321,14-APR-17,53
605,605,1062,18-MAR-18,25
606,606,256,11-JUL-20,38
607,607,1704,06-JUN-19,13
608,608,2,01-MAY-15,15
609,609,716,24-JUN-18,78
610,610,375,03-APR-15,24
611,611,168,05-MAY-19,64
612,612,801,23-MAY-20,67
613,613,405,09-MAR-20,70
614,614,1353,07-JUN-18,100
615,615,716,22-MAY-18,94
616,616,321,28-JUN-17,6
617,617,1412,06-MAY-15,23
618,618,1353,06-JUL-18,25
619,619,1062,06-FEB-18,64
620,620,1733,08-APR-20,82
621,621,901,04-MAR-19,7
622,622,1803,14-MAY-16,58
623,623,411,04-MAR-16,5
624,624,538,08-APR-19,81
625,625,1277,07-APR-17,24
626,626,837,13-APR-15,94
627,627,753,26-APR-15,33
628,628,1803,30-MAY-16,85
629,629,901,21-MAY-19,73
630,630,411,06-MAY-16,2
631,631,837,11-MAR-15,75
632,632,411,09-MAY-16,15
633,633,837,22-MAR-15,8
634,634,538,15-APR-19,59
635,635,1177,05-APR-18,29
636,636,753,24-JAN-15,64
637,637,538,04-APR-19,14
638,638,1573,20-MAR-19,66
639,639,901,18-APR-19,29
640,640,538,12-MAR-19,31
641,641,1573,04-FEB-19,14
642,642,1985,26-MAR-19,6
643,643,1735,24-MAY-20,94
644,644,165,28-APR-15,21
645,645,1735,24-MAY-20,65
646,646,1735,26-MAR-20,96
647,647,609,31-MAR-18,50
648,648,664,04-APR-16,35
649,649,546,12-FEB-17,65
650,650,1041,22-APR-20,47
651,651,738,29-JAN-20,65
652,652,1735,04-MAY-20,81
653,653,1041,20-FEB-20,40
654,654,1944,14-JUL-20,77
655,655,265,19-MAY-20,11
656,656,678,21-MAY-17,20
657,657,1041,26-APR-20,75
658,658,609,12-APR-18,85
659,659,265,24-APR-20,89
660,660,486,22-JAN-20,84
661,661,609,02-MAR-18,64
662,662,1333,13-MAY-20,35
663,663,1041,20-FEB-20,84
664,664,664,12-MAY-16,46
665,665,738,14-FEB-20,20
666,666,265,15-JUL-20,31
667,667,1333,24-JUN-20,1
668,668,678,20-MAR-17,39
669,669,546,05-MAY-17,14
670,670,664,23-APR-16,98
671,671,738,26-MAR-20,82
672,672,609,07-APR-18,49
673,673,265,24-APR-20,69
674,674,265,15-JUN-20,15
675,675,265,20-JUN-20,57
676,676,546,16-FEB-17,25
677,677,738,17-APR-20,76
678,678,738,09-FEB-20,58
679,679,664,06-MAR-16,10
680,680,678,21-MAR-17,15
681,681,1041,10-MAY-20,75
682,682,678,19-APR-17,77
683,683,664,10-MAR-16,31
684,684,678,06-MAR-17,17
685,685,1735,21-MAR-20,56
686,686,738,28-MAR-20,35
687,687,738,08-APR-20,39
688,688,546,26-JAN-17,63
689,689,265,20-JUL-20,2
690,690,678,06-FEB-17,65
691,691,265,12-APR-20,54
692,692,664,25-MAR-16,73
693,693,678,06-APR-17,59
694,694,486,10-MAY-20,56
695,695,165,14-JUN-15,35
696,696,1569,02-JUN-18,90
697,697,493,30-JAN-16,8
698,698,294,24-APR-20,83
699,699,910,02-JUL-19,15
700,700,1970,13-JUN-15,39
701,701,842,10-MAR-20,70
702,702,255,02-APR-20,17
703,703,541,09-JUL-16,67
704,704,1731,07-JUN-15,4
705,705,1481,02-FEB-18,75
706,706,1772,24-APR-19,68
707,707,495,06-MAR-16,76
708,708,1772,11-JUL-19,51
709,709,1815,02-MAY-18,7
710,710,286,02-JUN-20,27
711,711,1749,06-APR-17,99
712,712,334,09-APR-15,75
713,713,1815,23-MAR-18,97
714,714,1699,31-JAN-15,8
715,715,1815,28-MAR-18,1
716,716,541,07-JUN-16,51
717,717,1018,07-MAY-20,45
718,718,806,11-FEB-15,74
719,719,84,08-APR-20,89
720,720,1526,09-APR-16,28
721,721,477,29-APR-19,42
722,722,1824,13-MAY-19,70
723,723,1246,19-APR-16,13
724,724,1706,08-APR-17,62
725,725,213,12-APR-19,97
726,726,1784,09-APR-19,31
727,727,1784,10-MAY-19,71
728,728,477,21-MAY-19,74
729,729,805,28-MAR-17,29
730,730,1275,16-JUN-15,81
731,731,84,22-MAY-20,54
732,732,1706,24-JUL-17,51
733,733,1526,27-APR-16,62
1460,1460,803,24-MAY-15,6
1461,1461,453,06-MAY-19,18
1462,1462,525,11-JUN-15,76
1463,1463,554,19-APR-19,37
1464,1464,70,04-MAR-16,50
1465,1465,554,04-APR-19,100
1466,1466,414,12-JUN-16,57
1467,1467,1657,07-APR-15,27
1468,1468,23,13-MAR-16,2
1469,1469,453,12-APR-19,55
1470,1470,1192,06-JUL-15,97
1471,1471,1192,04-JUN-15,71
1472,1472,1870,29-JUL-15,73
1473,1473,1646,01-FEB-15,90
1474,1474,1232,23-APR-15,15
1475,1475,1870,07-APR-15,17
1476,1476,1576,05-MAY-15,64
1477,1477,1576,31-JAN-15,87
1478,1478,915,20-APR-18,99
1479,1479,414,02-MAY-16,20
1480,1480,1947,30-MAR-19,37
1481,1481,1818,10-APR-18,78
1482,1482,1576,21-APR-15,11
1483,1483,70,03-MAY-16,29
1484,1484,796,17-JUN-20,71
1485,1485,1768,10-APR-19,76
1486,1486,1510,18-MAY-20,26
1487,1487,1867,02-APR-16,9
1488,1488,1867,27-APR-16,94
1489,1489,1712,26-MAR-15,73
1490,1490,356,19-MAR-20,54
1491,1491,1867,14-APR-16,97
1492,1492,170,27-FEB-17,74
1493,1493,1712,11-JAN-15,17
1494,1494,1867,10-MAR-16,9
1495,1495,742,05-MAR-17,44
1496,1496,1712,22-APR-15,2
1497,1497,170,26-APR-17,66
1498,1498,170,11-MAR-17,61
1499,1499,1996,19-MAY-18,56
1500,1500,159,11-MAY-18,88
1501,1501,356,25-FEB-20,84
1502,1502,928,13-APR-20,3
1503,1503,1768,05-MAR-19,89
1504,1504,1019,11-APR-19,18
1505,1505,1867,16-MAY-16,97
1506,1506,1160,27-MAR-18,68
1507,1507,1768,13-FEB-19,70
1508,1508,1712,28-FEB-15,40
1509,1509,1477,07-APR-19,86
1510,1510,1605,08-JUN-15,24
1511,1511,1477,19-FEB-19,54
1512,1512,1738,05-JUN-17,38
1513,1513,1738,18-JUN-17,43
1514,1514,1356,24-JUN-18,57
1515,1515,403,04-MAY-16,95
1516,1516,403,06-APR-16,45
1517,1517,1502,08-MAY-15,53
1518,1518,272,25-MAR-19,84
1519,1519,1046,12-JUN-18,51
1520,1520,1502,18-JUL-15,32
1521,1521,645,03-MAY-18,48
1522,1522,1534,03-MAY-20,35
1523,1523,1046,16-JUL-18,1
1524,1524,1123,10-APR-16,5
1525,1525,1534,07-FEB-20,64
1526,1526,1123,04-MAY-16,3
1527,1527,171,22-APR-16,38
1528,1528,1811,07-APR-19,20
1529,1529,652,05-MAR-16,14
1530,1530,313,15-JUN-17,57
1531,1531,313,20-MAY-17,30
1532,1532,1811,03-MAY-19,47
1533,1533,111,02-APR-16,47
1534,1534,1918,18-APR-17,72
1535,1535,53,19-APR-16,2
1536,1536,313,05-MAR-17,21
1537,1537,302,24-FEB-19,54
1538,1538,224,05-MAY-16,80
1539,1539,171,29-APR-16,49
1540,1540,171,04-JUL-16,75
1541,1541,171,22-MAY-16,29
1542,1542,1625,24-MAY-16,10
1543,1543,371,27-MAY-20,24
1544,1544,1613,23-MAY-17,75
1545,1545,302,26-JAN-19,63
1546,1546,1811,31-JAN-19,58
1547,1547,691,20-JUL-15,10
1548,1548,654,03-FEB-18,25
1549,1549,368,25-APR-18,27
1550,1550,180,01-JUN-15,8
1551,1551,349,21-MAR-19,31
1552,1552,1492,25-APR-20,43
1553,1553,1633,12-MAY-18,26
1554,1554,617,04-JUN-19,7
1555,1555,654,19-MAR-18,94
1556,1556,1498,18-MAY-18,91
1557,1557,349,27-MAR-19,99
1558,1558,1132,07-MAY-15,11
1559,1559,617,03-JUN-19,60
1560,1560,349,22-FEB-19,2
1561,1561,180,09-JUN-15,46
1562,1562,1633,13-MAR-18,5
1563,1563,349,08-MAY-19,57
1564,1564,1621,08-APR-20,92
1565,1565,617,02-MAY-19,44
1566,1566,1831,28-MAY-20,24
1567,1567,654,08-APR-18,16
1568,1568,180,21-MAY-15,59
1569,1569,368,30-MAY-18,71
1570,1570,1621,25-MAR-20,41
1571,1571,1831,03-APR-20,38
1572,1572,1492,14-JAN-20,68
1573,1573,1132,29-MAY-15,52
1574,1574,1633,24-APR-18,17
1575,1575,1621,15-MAR-20,94
1576,1576,368,09-JUL-18,42
1577,1577,1633,26-FEB-18,23
1578,1578,253,14-JUN-16,79
1579,1579,253,01-APR-16,4
1580,1580,1621,17-APR-20,38
1581,1581,180,29-JUN-15,95
1582,1582,617,08-JUL-19,18
1583,1583,253,24-MAY-16,25
1584,1584,654,11-APR-18,51
1585,1585,180,11-JUL-15,35
1586,1586,654,01-FEB-18,46
1587,1587,1132,21-MAY-15,13
1588,1588,167,06-MAY-19,73
1589,1589,463,23-JUL-18,30
1590,1590,1079,07-MAR-16,18
1591,1591,945,18-JUL-17,28
1592,1592,1104,03-FEB-15,38
1593,1593,463,21-JUN-18,16
1594,1594,1328,25-JAN-17,29
1595,1595,807,09-MAY-15,26
1596,1596,153,27-JUN-17,6
1597,1597,945,05-JUN-17,32
1598,1598,167,31-JUL-19,24
1599,1599,1765,08-MAY-17,99
1600,1600,1252,29-MAR-17,94
1601,1601,307,13-JUN-15,34
1602,1602,1765,29-APR-17,43
1603,1603,1765,09-MAY-17,11
1604,1604,198,23-JUN-15,1
1605,1605,1423,18-JAN-19,18
1606,1606,1423,17-FEB-19,14
1607,1607,307,06-MAY-15,22
1608,1608,292,26-FEB-15,68
1609,1609,1820,21-JUL-18,99
1610,1610,198,07-JUN-15,44
1611,1611,1716,15-JUL-15,82
1612,1612,292,13-MAY-15,85
1613,1613,725,21-APR-16,39
1614,1614,1820,16-JUL-18,13
1615,1615,307,02-JUN-15,34
1616,1616,1284,19-APR-20,24
1617,1617,1252,17-MAY-17,64
1618,1618,307,10-APR-15,47
1619,1619,1252,30-APR-17,97
1620,1620,1765,06-MAR-17,70
1621,1621,307,16-JUN-15,40
1622,1622,1716,15-JUN-15,6
1623,1623,307,29-MAY-15,57
1624,1624,596,12-JAN-17,59
1625,1625,214,26-MAR-19,82
1626,1626,353,02-APR-15,53
1627,1627,601,31-MAR-20,76
1628,1628,1110,02-APR-16,59
1629,1629,889,25-APR-15,17
1630,1630,1408,26-MAR-18,55
1631,1631,1491,20-FEB-19,21
1632,1632,1750,02-APR-16,75
1633,1633,1397,02-MAY-19,73
1634,1634,637,04-JUN-16,73
1635,1635,1491,01-MAY-19,22
1636,1636,369,09-MAY-16,28
1637,1637,1587,29-APR-17,94
1638,1638,1273,17-MAR-17,61
1639,1639,1587,05-MAR-17,84
1640,1640,1273,11-MAR-17,30
1641,1641,1491,08-APR-19,69
1642,1642,1456,22-FEB-15,46
1643,1643,783,28-APR-16,24
1644,1644,1273,21-MAR-17,38
1645,1645,1099,04-MAR-18,82
1646,1646,1050,08-MAR-18,64
1647,1647,1408,13-MAY-18,55
1648,1648,369,13-MAR-16,96
1649,1649,1587,05-MAY-17,74
1650,1650,783,16-MAY-16,9
1651,1651,104,17-MAR-18,50
1652,1652,288,18-APR-18,36
1653,1653,63,18-JUN-16,17
1654,1654,1491,14-APR-19,33
1655,1655,1456,06-MAY-15,61
1656,1656,1969,23-FEB-18,63
1657,1657,369,04-MAY-16,23
1658,1658,783,02-MAR-16,64
1659,1659,1050,16-APR-18,81
1660,1660,1491,01-MAY-19,38
1661,1661,1099,09-MAR-18,15
1662,1662,1984,15-JUN-15,42
1663,1663,1099,05-FEB-18,12
1664,1664,337,03-MAY-17,75
1665,1665,396,29-APR-17,73
1666,1666,1119,01-APR-19,3
1667,1667,871,25-FEB-16,3
1668,1668,7,13-JUL-17,96
1669,1669,981,25-APR-20,13
1670,1670,1234,06-MAY-16,55
1671,1671,883,02-APR-18,55
1672,1672,7,21-MAR-17,46
1673,1673,31,21-JUN-16,50
1674,1674,31,15-APR-16,73
1675,1675,1234,04-APR-16,81
1676,1676,1048,27-MAY-18,13
1677,1677,1347,21-JUN-18,96
1678,1678,536,14-JUN-20,60
1679,1679,1048,12-JUL-18,16
1680,1680,1234,01-MAR-16,93
1681,1681,31,08-MAR-16,25
1682,1682,883,24-MAY-18,83
1683,1683,536,31-MAR-20,55
1684,1684,7,05-JUL-17,65
1685,1685,536,20-MAR-20,67
1686,1686,1953,23-MAY-20,99
1687,1687,82,20-APR-15,95
1688,1688,575,06-JUL-15,50
1689,1689,1074,08-APR-20,4
1690,1690,1813,09-APR-18,52
1691,1691,1137,13-APR-15,17
1692,1692,82,24-MAY-15,88
1693,1693,1147,13-MAY-19,76
1694,1694,1102,17-MAY-19,78
1695,1695,1890,19-APR-20,96
1696,1696,1074,27-JUN-20,2
1697,1697,150,07-APR-18,40
1698,1698,1369,14-JUN-19,32
1699,1699,830,06-MAY-17,51
1700,1700,1074,09-JUL-20,83
1701,1701,826,30-MAR-19,66
1702,1702,66,03-MAY-16,9
2315,734,477,02-DEC-22,-60
1703,1703,66,28-APR-16,57
1704,1704,1813,25-MAY-18,14
1705,1705,1422,27-MAR-15,100
1706,1706,66,06-MAR-16,30
1707,1707,575,04-JUN-15,53
1708,1708,150,27-MAR-18,28
1709,1709,1147,03-APR-19,34
1710,1710,507,19-APR-15,96
1711,1711,1584,09-APR-20,29
1712,1712,751,11-APR-16,30
1713,1713,1268,07-JUL-16,14
1714,1714,415,18-MAR-17,76
1715,1715,1365,11-FEB-19,55
1716,1716,1584,11-APR-20,22
1717,1717,1584,16-MAR-20,2
1718,1718,905,23-APR-17,22
1719,1719,415,27-MAY-17,79
1720,1720,751,01-JUN-16,80
1721,1721,112,08-JUL-19,76
1722,1722,1707,10-JUN-18,79
1723,1723,751,16-MAY-16,40
1724,1724,850,01-MAY-18,23
1725,1725,850,01-APR-18,67
1726,1726,361,25-APR-17,49
1727,1727,850,15-MAY-18,61
1728,1728,266,18-MAR-16,78
1729,1729,148,31-MAY-18,69
1730,1730,361,07-FEB-17,52
1731,1731,1617,15-JUN-20,76
1732,1732,766,13-MAR-19,93
1733,1733,785,06-MAY-17,64
1734,1734,1743,24-MAY-18,44
1735,1735,148,03-MAY-18,36
1736,1736,1743,10-MAY-18,83
1737,1737,266,29-MAR-16,27
1738,1738,1743,27-JUN-18,91
1739,1739,850,23-FEB-18,54
1740,1740,766,15-FEB-19,41
1741,1741,1799,26-JUN-17,73
1742,1742,1643,14-MAR-18,68
1743,1743,672,18-APR-17,6
1744,1744,646,19-MAR-20,32
1745,1745,232,23-APR-15,3
1746,1746,284,24-MAR-15,40
1747,1747,671,28-MAR-19,100
1748,1748,1352,26-MAR-18,38
1749,1749,1352,02-JUN-18,29
1750,1750,1352,30-APR-18,23
1751,1751,152,06-JUN-16,28
1752,1752,671,24-MAR-19,33
1753,1753,1519,08-MAY-15,3
1754,1754,646,20-APR-20,55
1755,1755,284,08-APR-15,68
1756,1756,671,26-JAN-19,12
1757,1757,284,20-MAY-15,27
1758,1758,672,08-JUN-17,88
1759,1759,1352,27-MAR-18,88
1760,1760,232,08-MAY-15,99
1761,1761,913,08-MAY-19,27
1762,1762,1146,23-MAR-16,8
1763,1763,430,28-APR-20,2
1764,1764,849,11-MAR-15,49
1765,1765,914,14-FEB-19,74
1766,1766,1169,25-FEB-16,32
1767,1767,1837,01-APR-17,86
1768,1768,374,23-MAY-16,62
1769,1769,1957,20-JUN-20,62
1770,1770,679,02-MAY-16,74
1771,1771,1169,09-FEB-16,7
1772,1772,374,22-MAY-16,97
1773,1773,789,16-FEB-18,51
1774,1774,1516,14-MAR-15,71
1775,1775,914,27-FEB-19,22
1776,1776,789,20-MAY-18,91
1777,1777,1843,22-JAN-16,86
1778,1778,1013,22-APR-16,45
1779,1779,1843,14-FEB-16,31
1780,1780,1843,26-JAN-16,82
1781,1781,430,18-FEB-20,99
1782,1782,679,06-MAY-16,7
1783,1783,1169,01-APR-16,91
1784,1784,789,01-APR-18,96
1785,1785,1013,12-MAR-16,86
1786,1786,1169,13-JAN-16,70
1787,1787,1843,13-MAY-16,28
1788,1788,849,27-FEB-15,8
1789,1789,1843,08-MAY-16,1
1790,1790,739,11-JUN-17,19
1791,1791,1531,05-APR-18,48
1792,1792,635,29-FEB-16,6
1793,1793,1590,01-APR-17,64
1794,1794,226,19-MAR-20,82
1795,1795,1590,28-FEB-17,87
1796,1796,1844,27-MAR-18,66
1797,1797,686,04-APR-20,34
1798,1798,1531,18-FEB-18,60
1799,1799,608,29-MAY-18,71
1800,1800,739,09-JUN-17,7
1801,1801,1665,23-JUN-15,54
1802,1802,1665,29-JUN-15,53
1803,1803,484,19-APR-18,91
1804,1804,1665,15-JUN-15,24
1805,1805,484,29-MAR-18,36
1806,1806,1329,17-JUN-18,11
1807,1807,185,29-APR-15,82
1808,1808,185,05-FEB-15,42
1809,1809,377,05-MAY-19,65
1810,1810,98,17-MAR-19,1
1811,1811,1532,10-APR-15,98
1812,1812,955,12-MAY-15,85
1813,1813,792,17-MAR-19,53
1814,1814,1532,21-APR-15,52
1815,1815,74,01-FEB-20,56
1816,1816,377,10-MAY-19,25
1817,1817,1329,22-APR-18,36
1818,1818,98,19-MAR-19,78
1819,1819,663,30-JUN-17,91
1820,1820,1329,17-JUL-18,99
1821,1821,1329,04-JUN-18,84
1822,1822,792,11-JUN-19,31
1823,1823,792,07-JUL-19,33
1824,1824,1532,08-MAY-15,25
1825,1825,377,21-MAR-19,15
1826,1826,1404,21-JUN-19,46
1827,1827,98,14-MAR-19,100
1828,1828,222,17-JUL-19,7
1829,1829,1404,01-JUL-19,33
1830,1830,98,13-JUN-19,92
1831,1831,1759,12-JUN-16,83
1832,1832,142,31-JAN-15,33
1833,1833,955,07-MAY-15,59
1834,1834,229,03-MAY-19,5
1835,1835,721,08-JUN-17,24
1836,1836,1906,05-JUN-15,10
1837,1837,1055,18-FEB-19,30
1838,1838,1285,18-FEB-19,8
1839,1839,194,13-JUN-19,88
1840,1840,632,13-APR-15,43
1841,1841,90,25-MAY-20,15
1842,1842,1034,22-MAR-18,14
1843,1843,877,29-APR-16,30
1844,1844,632,24-MAR-15,61
1845,1845,90,14-FEB-20,76
1846,1846,1995,28-JAN-20,35
1847,1847,1285,11-MAY-19,18
1848,1848,177,10-FEB-18,35
1849,1849,420,25-MAY-19,33
1850,1850,1611,12-APR-17,9
1851,1851,1595,05-JUN-20,5
1852,1852,936,30-MAR-15,57
1853,1853,68,07-MAY-16,22
1854,1854,1051,22-FEB-18,2
1855,1855,526,06-MAY-18,19
1856,1856,160,03-APR-18,95
1857,1857,1290,02-APR-20,78
1858,1858,1676,04-MAR-19,29
1859,1859,904,06-JUN-18,68
1860,1860,904,14-APR-18,33
1861,1861,238,19-APR-15,86
1862,1862,1676,09-APR-19,88
1863,1863,888,22-JAN-16,22
1864,1864,1131,22-JUN-19,32
1865,1865,1036,10-JUN-15,55
1866,1866,1905,09-JUN-20,30
1867,1867,234,12-MAY-18,93
1868,1868,1036,20-JUN-15,88
1869,1869,1694,03-JUL-20,34
1870,1870,1162,03-JUN-20,44
1871,1871,1267,03-MAR-19,49
1872,1872,1011,02-MAR-16,64
1873,1873,234,30-MAR-18,91
1874,1874,311,21-MAR-17,71
1875,1875,234,06-MAY-18,27
1876,1876,769,16-JUN-19,38
1877,1877,680,26-MAY-16,8
1878,1878,1852,29-JAN-18,17
1879,1879,1905,18-APR-20,73
1880,1880,1162,08-JUL-20,59
1881,1881,1452,01-FEB-17,23
1882,1882,1086,17-JUN-16,69
1883,1883,1691,31-MAR-17,40
1884,1884,1490,16-JUL-20,80
1885,1885,1670,30-MAY-17,61
1886,1886,421,09-MAR-17,71
1887,1887,1319,12-APR-17,34
1888,1888,1447,14-MAY-15,57
1889,1889,1556,28-APR-20,67
1890,1890,1319,25-APR-17,2
1891,1891,587,22-MAR-16,54
1892,1892,1319,06-JUL-17,94
1893,1893,461,07-MAY-15,59
1894,1894,1447,29-MAY-15,51
1895,1895,338,04-JUL-20,85
1896,1896,587,28-APR-16,34
1897,1897,1490,06-MAY-20,47
1898,1898,1447,14-JUN-15,30
1899,1899,1447,24-MAY-15,65
1900,1900,338,07-MAY-20,45
1901,1901,1086,20-APR-16,54
1902,1902,1490,16-APR-20,17
1903,1903,1490,25-MAY-20,68
1904,1904,571,14-APR-18,48
1905,1905,1670,13-MAY-17,79
1906,1906,1447,18-JUN-15,42
1907,1907,925,05-APR-17,23
1908,1908,448,23-MAR-20,83
1909,1909,704,08-FEB-17,27
1910,1910,895,16-JUL-17,34
1911,1911,1266,26-MAR-15,40
1912,1912,895,29-APR-17,5
1913,1913,704,11-JAN-17,57
1914,1914,448,06-APR-20,20
1915,1915,60,19-APR-17,63
1916,1916,60,05-APR-17,88
1917,1917,246,02-FEB-15,98
1918,1918,606,28-MAR-18,29
1919,1919,606,26-APR-18,1
1920,1920,1139,06-MAR-20,71
1921,1921,1367,08-JUL-16,42
1922,1922,318,06-JUL-19,49
1923,1923,1139,20-FEB-20,58
1924,1924,586,17-JUN-20,54
1925,1925,1910,20-APR-17,98
1926,1926,1641,04-FEB-15,49
1927,1927,480,14-MAR-17,96
1928,1928,1139,21-APR-20,66
1929,1929,1641,24-MAR-15,100
1930,1930,586,16-APR-20,80
1931,1931,1414,12-MAR-15,52
1932,1932,1298,01-JUL-20,66
1933,1933,1298,08-APR-20,92
1934,1934,1641,23-APR-15,49
1935,1935,957,01-APR-16,87
1936,1936,510,07-JUN-16,69
1937,1937,509,31-MAY-19,4
1938,1938,510,18-APR-16,68
1939,1939,1282,09-FEB-20,90
1940,1940,1522,07-APR-19,41
1941,1941,480,30-MAR-17,25
1942,1942,957,25-JUN-16,45
1943,1943,1367,09-JUL-16,54
1944,1944,1910,09-FEB-17,76
1945,1945,509,30-JUN-19,33
1946,1946,509,20-JUN-19,4
1947,1947,957,20-APR-16,60
1948,1948,1641,17-MAR-15,10
1949,1949,1641,19-FEB-15,31
1950,1950,1414,25-APR-15,72
1951,1951,1367,14-JUL-16,62
1952,1952,509,24-MAY-19,72
1953,1953,1367,06-APR-16,55
1954,1954,509,02-JUN-19,65
1955,1955,1549,26-MAY-15,63
1956,1956,1597,18-FEB-15,2
1957,1957,147,31-MAR-15,85
1958,1958,306,16-JUN-16,25
1959,1959,78,22-MAR-16,16
1960,1960,78,10-APR-16,71
1961,1961,1812,14-JUL-17,31
1962,1962,1659,12-JUN-20,88
1963,1963,1549,19-MAR-15,73
1964,1964,78,31-MAR-16,38
1965,1965,685,13-JUL-15,80
1966,1966,1549,10-APR-15,10
1967,1967,1659,03-JUL-20,8
1968,1968,478,08-MAY-16,28
1969,1969,975,04-MAR-18,60
1970,1970,1044,23-FEB-18,91
1971,1971,1554,22-JUN-15,78
1972,1972,478,24-MAY-16,35
1973,1973,1554,27-MAR-15,5
1974,1974,92,06-MAY-19,100
1975,1975,1197,08-MAY-17,90
1976,1976,1496,01-MAY-18,33
1977,1977,1496,10-MAY-18,36
1978,1978,891,20-MAY-16,76
1979,1979,1201,22-MAR-19,17
1980,1980,1845,13-APR-19,5
1981,1981,1436,31-MAY-17,80
1982,1982,1644,16-APR-19,37
1983,1983,912,06-MAR-19,8
1984,1984,1644,15-APR-19,75
1985,1985,912,04-MAY-19,39
1986,1986,1644,08-JUN-19,97
1987,1987,1436,10-MAR-17,3
1988,1988,1197,14-APR-17,99
1989,1989,1496,11-JUN-18,32
1990,1990,1436,03-APR-17,5
1991,1991,1436,23-FEB-17,11
1992,1992,1197,01-MAR-17,67
1993,1993,886,20-MAR-17,45
1994,1994,886,16-MAR-17,26
1995,1995,440,24-APR-19,39
1996,1996,627,15-APR-17,13
1997,1997,1145,24-MAY-17,14
1998,1998,1615,08-MAY-19,61
1999,1999,1615,11-APR-19,35
2000,2000,1032,15-APR-17,11
2001,2001,1866,27-MAR-19,6
2002,2002,1866,22-FEB-19,82
2003,2003,204,19-JUL-18,94
2004,2004,204,13-JUN-18,77
2005,2005,1736,08-JAN-15,25
2006,2006,1022,05-AUG-19,77
2007,2007,1052,24-MAR-18,99
2008,2008,931,08-FEB-18,21
2009,2009,1441,22-MAY-17,58
2010,2010,204,04-MAY-18,16
2011,2011,216,11-FEB-20,68
2012,2012,1114,22-MAY-15,24
2013,2013,1866,02-MAY-19,56
2014,2014,1736,20-FEB-15,86
2015,2015,204,26-MAY-18,26
2016,2016,1052,03-APR-18,41
2017,2017,204,09-JUN-18,79
2018,2018,1783,20-MAY-15,57
2019,2019,204,08-JUL-18,89
2020,2020,1615,14-MAY-19,67
2021,2021,661,17-JUN-15,15
2022,2022,1172,19-FEB-19,87
2023,2023,1855,27-FEB-15,92
2024,2024,1938,07-FEB-18,71
2025,2025,661,12-APR-15,49
2026,2026,1022,27-APR-19,94
2027,2027,1982,29-APR-19,39
2028,2028,533,13-FEB-17,72
2029,2029,992,12-FEB-18,88
2030,2030,992,11-APR-18,77
2031,2031,1430,08-MAY-20,22
2032,2032,460,28-MAY-20,55
2033,2033,1430,28-MAR-20,23
2034,2034,1826,24-MAY-16,6
2035,2035,859,24-JUN-20,48
2036,2036,1826,18-MAY-16,64
2037,2037,1206,27-MAR-18,5
2038,2038,1826,30-MAR-16,21
2039,2039,533,07-APR-17,30
2040,2040,1430,05-APR-20,72
2041,2041,1005,26-MAR-19,33
2042,2042,489,24-FEB-17,74
2043,2043,438,17-FEB-17,97
2044,2044,1660,19-MAR-19,97
2045,2045,984,01-APR-20,77
2046,2046,489,21-MAR-17,81
2047,2047,984,11-APR-20,43
2048,2048,934,18-APR-18,53
2049,2049,49,27-JUL-17,11
2050,2050,1003,19-APR-15,68
2051,2051,778,23-JAN-15,22
2052,2052,534,31-MAR-15,16
2053,2053,1583,20-MAR-17,15
2054,2054,473,28-FEB-20,62
2055,2055,984,20-FEB-20,25
2056,2056,1614,09-APR-19,5
2057,2057,965,16-MAY-16,5
2058,2058,1003,03-MAR-15,60
2059,2059,1933,07-JUL-15,11
2060,2060,692,04-FEB-19,31
2061,2061,452,07-JAN-19,93
2062,2062,452,23-FEB-19,3
2063,2063,1933,22-MAY-15,56
2064,2064,1730,26-MAR-19,56
2065,2065,1460,20-MAR-16,99
2066,2066,1760,05-MAR-15,78
2067,2067,452,28-APR-19,61
2068,2068,1862,10-APR-19,19
2069,2069,1460,29-FEB-16,68
2070,2070,1504,14-MAY-15,26
2071,2071,692,07-FEB-19,58
2072,2072,435,12-MAR-20,35
2073,2073,1933,05-MAY-15,31
2074,2074,1730,20-MAR-19,58
2075,2075,1504,24-MAY-15,84
2076,2076,1020,08-JUL-15,39
2077,2077,1460,03-APR-16,56
2078,2078,1020,21-APR-15,15
2079,2079,861,05-MAR-17,18
2080,2080,365,17-MAR-17,67
2081,2081,1302,11-APR-19,72
2082,2082,1838,13-JUL-15,29
2083,2083,861,18-MAR-17,31
2084,2084,1009,27-MAY-18,21
2085,2085,1009,28-MAR-18,5
2086,2086,1355,24-FEB-15,11
2087,2087,1075,11-FEB-19,62
2088,2088,199,18-JUN-20,79
2089,2089,1658,28-MAY-19,18
2090,2090,775,21-APR-18,84
2091,2091,244,07-JUN-19,72
2092,2092,1355,22-MAY-15,29
2093,2093,1009,20-APR-18,63
2094,2094,1658,16-MAR-19,36
2095,2095,1075,10-APR-19,86
2096,2096,1834,03-MAY-18,45
2097,2097,1144,05-MAY-15,24
2098,2098,333,03-APR-15,29
2099,2099,1009,21-MAY-18,49
2100,2100,1144,05-MAY-15,51
2101,2101,1009,27-FEB-18,72
2102,2102,479,30-JUN-15,17
2103,2103,1144,19-MAY-15,30
2104,2104,1834,10-APR-18,35
2105,2105,1189,26-MAR-19,57
2106,2106,899,15-JUN-17,21
2107,2107,563,02-MAR-15,39
2108,2108,899,30-JUN-17,65
2109,2109,1592,01-JUN-19,41
2110,2110,1143,08-MAY-16,20
2111,2111,1604,19-MAR-17,9
2112,2112,1443,10-MAY-15,19
2113,2113,475,13-MAY-15,92
2114,2114,102,19-APR-18,36
2115,2115,1604,16-JUN-17,27
2116,2116,412,04-FEB-17,2
2117,2117,269,11-MAR-17,34
2118,2118,269,06-MAY-17,25
2119,2119,102,09-MAR-18,41
2120,2120,1189,09-APR-19,80
2121,2121,269,13-FEB-17,29
2122,2122,1150,08-APR-18,36
2123,2123,1185,02-APR-20,30
2124,2124,412,24-MAY-17,15
2125,2125,956,17-MAY-18,63
2126,2126,956,24-MAR-18,54
2127,2127,1592,16-APR-19,10
2128,2128,1150,13-MAR-18,86
2129,2129,412,09-MAR-17,47
2130,2130,412,06-MAY-17,50
2131,2131,412,15-MAY-17,52
2132,2132,1150,28-APR-18,1
2133,2133,899,22-APR-17,24
2134,2134,956,13-MAR-18,24
2135,2135,102,07-MAY-18,7
2136,2136,1592,25-MAY-19,27
2137,2137,269,21-JAN-17,92
2138,2138,102,20-MAR-18,34
2139,2139,269,11-JAN-17,89
2140,2140,162,07-APR-19,81
2141,2141,451,11-JUN-19,91
2142,2142,162,06-MAY-19,92
2143,2143,162,02-MAR-19,37
2144,2144,1453,30-APR-20,80
2145,2145,1453,24-APR-20,30
2146,2146,1773,03-APR-15,72
2147,2147,1378,22-MAY-18,60
2148,2148,1378,04-APR-18,82
2149,2149,470,12-APR-17,97
2150,2150,973,16-FEB-15,6
2151,2151,1281,02-APR-18,62
2152,2152,417,25-APR-15,68
2153,2153,1378,28-MAY-18,68
2154,2154,1281,26-FEB-18,93
2155,2155,141,09-MAY-18,46
2156,2156,162,11-MAR-19,39
2157,2157,1378,18-APR-18,44
2158,2158,162,17-APR-19,52
2159,2159,470,25-APR-17,49
2160,2160,1281,30-MAY-18,97
2161,2161,1378,10-JUL-18,35
2162,2162,1773,17-APR-15,61
2163,2163,1400,11-MAR-17,82
2164,2164,898,24-APR-16,77
2165,2165,1400,20-APR-17,34
2166,2166,1963,29-APR-18,41
2167,2167,1015,04-APR-20,99
2168,2168,1196,23-JAN-16,19
2169,2169,1678,20-APR-18,46
2170,2170,1848,18-JUN-15,100
2171,2171,500,02-MAR-16,17
2172,2172,1382,07-APR-18,58
2173,2173,1195,28-FEB-20,57
2174,2174,804,13-APR-18,73
2175,2175,1559,21-FEB-16,9
2176,2176,1175,01-MAR-17,62
2177,2177,1196,14-FEB-16,46
2178,2178,964,17-FEB-15,97
2179,2179,24,14-JUN-19,49
2180,2180,491,11-JUL-15,72
2181,2181,1515,20-MAY-18,43
2182,2182,1082,21-APR-19,46
2183,2183,851,01-MAR-20,61
2184,2184,1082,22-JUL-19,9
2185,2185,124,28-JUN-19,25
2186,2186,481,22-MAY-19,87
2187,2187,211,07-FEB-16,99
2188,2188,346,04-JUN-18,56
2189,2189,124,10-APR-19,39
2190,2190,211,04-APR-16,77
2191,2191,211,12-MAY-16,49
2192,2192,611,26-MAR-16,9
2193,2193,1405,18-FEB-18,20
2194,2194,1672,11-FEB-17,7
2195,2195,1405,28-APR-18,22
2196,2196,1296,16-FEB-15,88
2197,2197,662,20-FEB-15,50
2198,2198,211,16-MAR-16,75
2199,2199,342,13-MAR-18,26
2200,2200,1092,08-MAY-19,8
2201,2201,1700,27-FEB-17,54
2202,2202,254,16-APR-15,49
2203,2203,1719,11-FEB-20,26
2204,2204,1524,07-JUN-19,13
2205,2205,1979,01-MAR-18,63
2206,2206,1946,12-JUL-19,38
2207,2207,1092,10-MAR-19,49
2208,2208,401,05-APR-18,93
2209,2209,1524,15-MAY-19,55
2210,2210,1999,19-APR-15,12
2211,2211,1929,31-MAY-20,66
2212,2212,1929,23-APR-20,46
2213,2213,54,28-APR-17,20
2214,2214,43,10-FEB-15,46
2215,2215,54,01-JUL-17,30
2216,2216,1007,25-FEB-20,20
2217,2217,846,20-MAY-20,86
2218,2218,583,12-MAR-17,57
2219,2219,1732,13-MAR-19,1
2220,2220,938,11-JUL-17,61
2221,2221,846,26-JUL-20,29
2222,2222,583,18-MAR-17,19
2223,2223,938,22-JUN-17,69
2224,2224,583,11-MAR-17,85
2225,2225,938,30-MAY-17,37
2226,2226,1929,24-JUN-20,76
2227,2227,583,16-MAR-17,52
2228,2228,1732,02-FEB-19,54
2229,2229,1007,24-FEB-20,73
2230,2230,1732,21-FEB-19,2
2231,2231,958,16-APR-15,7
2232,2232,1929,07-JUL-20,59
2233,2233,54,20-APR-17,66
2234,2234,54,16-MAY-17,99
2235,2235,1007,11-APR-20,81
2236,2236,1732,01-FEB-19,60
2237,2237,958,12-MAR-15,90
2238,2238,583,21-MAR-17,54
2239,2239,54,03-JUN-17,73
2240,2240,958,14-JAN-15,83
2241,2241,817,24-JAN-15,51
2242,2242,846,21-JUN-20,52
2243,2243,1929,06-JUN-20,27
2244,2244,1732,28-FEB-19,7
2245,2245,560,06-MAY-20,81
2246,2246,958,16-FEB-15,90
2247,2247,1007,24-APR-20,94
2248,2248,958,04-MAR-15,13
2249,2249,503,31-MAY-18,16
2250,2250,594,23-APR-17,46
2251,2251,446,12-APR-17,21
2252,2252,1247,12-MAY-15,90
2253,2253,1417,10-MAY-16,55
2254,2254,503,21-MAR-18,69
2255,2255,83,10-APR-19,52
2256,2256,897,19-FEB-19,18
2257,2257,594,07-APR-17,67
2258,2258,195,26-APR-18,2
2259,2259,1138,05-APR-15,12
2260,2260,446,08-MAR-17,76
2261,2261,1111,06-JUL-18,76
2262,2262,446,03-MAR-17,79
2263,2263,1417,06-MAR-16,75
2264,2264,345,12-APR-18,14
2265,2265,1225,06-MAY-17,18
2266,2266,1647,01-JUL-19,7
2267,2267,503,18-MAR-18,13
2268,2268,1138,25-JAN-15,70
2269,2269,75,13-APR-17,84
2270,2270,1138,24-MAR-15,92
2271,2271,503,22-APR-18,26
2272,2272,1417,21-APR-16,58
2273,2273,1619,21-APR-19,3
2274,2274,1247,30-JAN-15,10
2275,2275,897,24-FEB-19,38
2276,2276,881,14-MAY-17,20
2277,2277,345,11-APR-18,4
2278,2278,1111,30-APR-18,95
2279,2279,1138,09-MAY-15,65
2280,2280,1033,09-FEB-19,31
2281,2281,202,13-MAR-20,44
2282,2282,1247,15-MAY-15,40
2283,2283,839,25-MAY-20,95
2284,2284,1677,11-APR-17,23
2285,2285,1677,12-FEB-17,86
2286,2286,434,06-MAR-16,15
2287,2287,941,15-APR-15,5
2288,2288,1325,20-FEB-16,38
2289,2289,1029,05-MAY-18,98
2290,2290,386,09-MAY-18,80
2291,2291,718,27-JUN-17,61
2292,2292,1495,20-MAY-16,57
2293,2293,1677,21-MAY-17,98
2294,2294,1725,12-APR-16,43
2295,2295,941,19-FEB-15,24
2296,2296,703,19-FEB-16,2
2297,2297,1495,16-APR-16,50
2298,2298,1677,21-FEB-17,99
2299,2299,703,25-APR-16,26
2300,2300,1087,17-MAY-17,87
2301,2301,941,31-MAR-15,100
2302,2302,120,26-APR-20,93
2303,2303,67,10-MAY-16,27
2304,2304,386,06-APR-18,93
2305,2305,1287,20-MAR-16,7
2306,2306,1287,02-MAR-16,92
2307,2307,702,25-MAY-18,38
2308,2308,57,02-MAY-15,4
2309,2309,757,10-JUN-19,14
2310,2310,1218,26-APR-19,29
2311,2311,702,07-MAY-18,52
2312,2312,702,05-MAY-18,21
2313,2313,1489,17-JUL-18,100
2314,2314,299,06-FEB-18,73
1218,1218,1117,16-MAY-20,83
1219,1219,106,08-JUL-16,87
1220,1220,1117,12-MAY-20,80
1221,1221,51,31-MAR-19,50
1222,1222,866,17-JUL-17,18
1223,1223,1216,25-MAR-16,61
1224,1224,1506,11-MAY-19,43
1225,1225,1216,10-MAR-16,90
1226,1226,1216,07-MAY-16,87
1227,1227,1411,27-JUN-20,76
1228,1228,640,10-APR-15,76
1229,1229,1411,01-APR-20,85
1230,1230,1117,11-JUN-20,44
1231,1231,51,02-JUL-19,64
1232,1232,690,11-MAR-19,94
1233,1233,690,29-MAR-19,12
1234,1234,1488,25-FEB-20,80
1235,1235,1349,24-MAY-19,10
1236,1236,1342,05-FEB-17,6
1237,1237,699,21-APR-18,26
1238,1238,1445,30-JUN-16,39
1239,1239,1807,15-APR-20,99
1240,1240,1342,02-MAR-17,65
1241,1241,1819,26-JUN-19,32
1242,1242,699,20-APR-18,5
1243,1243,982,18-MAY-19,67
1244,1244,1342,05-APR-17,16
1245,1245,1342,30-MAR-17,28
1246,1246,1342,07-FEB-17,15
1247,1247,1155,27-MAR-19,79
1248,1248,1624,30-APR-18,59
1249,1249,1342,06-FEB-17,30
1250,1250,1599,17-JUN-19,80
1251,1251,982,01-MAR-19,96
1252,1252,982,16-MAY-19,99
1253,1253,1349,24-JUN-19,10
1254,1254,1807,29-MAY-20,91
1255,1255,1599,08-JUL-19,97
1256,1256,982,11-APR-19,88
1257,1257,1807,24-JUL-20,91
1258,1258,1807,06-JUL-20,93
1259,1259,963,01-MAR-15,15
1260,1260,1445,20-APR-16,86
1261,1261,1399,16-MAR-15,91
1262,1262,1069,05-JUN-16,25
1263,1263,840,04-JUL-18,70
1264,1264,1116,08-MAY-19,14
1265,1265,1181,27-FEB-16,50
1266,1266,813,05-MAY-17,21
1267,1267,1004,26-MAR-17,68
1268,1268,840,08-MAY-18,1
1269,1269,1729,26-APR-15,35
1270,1270,1116,19-JUN-19,79
1271,1271,1718,26-MAY-18,84
1272,1272,442,16-MAR-15,69
1273,1273,1873,31-MAY-18,16
1274,1274,442,04-MAR-15,59
1275,1275,1988,04-APR-15,59
1276,1276,1708,14-JUN-15,43
1277,1277,862,02-MAY-17,46
1278,1278,442,27-MAY-15,26
1279,1279,1230,19-JUN-20,5
1280,1280,97,27-FEB-16,98
1281,1281,97,27-MAR-16,48
1282,1282,442,22-APR-15,38
1283,1283,97,02-MAY-16,78
1284,1284,1230,12-MAR-20,30
1285,1285,442,07-APR-15,3
1286,1286,1458,01-MAY-20,62
1287,1287,442,16-APR-15,73
1288,1288,1770,13-JUN-18,39
1289,1289,1770,15-APR-18,27
1290,1290,1708,05-JUN-15,62
1291,1291,1873,03-MAY-18,29
1292,1292,1770,05-JUL-18,34
1293,1293,1770,25-JUN-18,84
1294,1294,1770,07-APR-18,43
1295,1295,1588,03-MAR-16,82
1296,1296,1093,02-APR-15,51
1297,1297,713,28-APR-15,68
1298,1298,713,15-APR-15,71
1299,1299,1413,28-MAY-18,18
1300,1300,1552,08-MAR-20,14
1301,1301,1552,20-MAY-20,98
1302,1302,1588,09-FEB-16,28
1303,1303,1093,13-APR-15,79
1304,1304,1093,22-APR-15,41
1305,1305,777,10-MAY-15,20
1306,1306,1927,25-APR-17,13
1307,1307,181,16-APR-16,58
1308,1308,1588,04-MAR-16,48
1309,1309,713,14-MAR-15,23
1310,1310,1413,26-APR-18,32
1311,1311,788,24-MAR-15,49
1312,1312,1552,01-JUN-20,88
1313,1313,366,19-JAN-20,56
1314,1314,1588,28-FEB-16,59
1315,1315,1413,10-JUN-18,44
1316,1316,1093,20-JUN-15,44
1317,1317,579,16-JUN-20,9
1318,1318,1552,21-JUN-20,96
1319,1319,1093,22-MAY-15,62
1320,1320,456,21-JUN-18,42
1321,1321,1588,25-APR-16,23
1322,1322,1588,26-JAN-16,91
1323,1323,355,25-APR-17,34
1324,1324,579,25-JUN-20,41
1325,1325,1413,02-APR-18,95
1326,1326,880,30-JUL-16,38
1327,1327,488,20-APR-16,32
1328,1328,1927,07-JUN-17,51
1329,1329,1093,28-APR-15,88
1330,1330,1588,28-FEB-16,6
1331,1331,713,24-FEB-15,57
1332,1332,1093,10-MAY-15,16
1333,1333,548,31-MAY-19,41
1334,1334,1579,12-MAY-17,65
1335,1335,1227,19-MAR-15,68
1336,1336,1227,19-MAY-15,68
1337,1337,1600,03-MAR-20,70
1338,1338,1723,01-APR-15,72
1339,1339,1261,28-APR-16,17
1340,1340,1723,24-JUN-15,18
1341,1341,227,25-APR-19,52
1342,1342,1261,03-JUN-16,29
1343,1343,1763,05-MAY-20,41
1344,1344,580,29-MAR-20,12
1345,1345,219,03-APR-15,91
1346,1346,580,15-FEB-20,39
1347,1347,1600,13-MAR-20,28
1348,1348,1723,08-MAY-15,89
1349,1349,1886,04-APR-17,11
1350,1350,580,17-FEB-20,46
1351,1351,961,08-JUN-17,20
1352,1352,1237,09-MAR-19,96
1353,1353,580,10-MAY-20,27
1354,1354,227,18-JUN-19,32
1355,1355,1440,17-MAR-18,67
1356,1356,712,18-JUN-17,34
1357,1357,584,16-JUL-20,68
1358,1358,994,30-MAR-18,85
1359,1359,1066,02-APR-18,91
1360,1360,860,17-JUN-16,20
1361,1361,860,18-MAR-16,9
1362,1362,1714,04-APR-19,33
1363,1363,183,10-JUN-16,6
1364,1364,774,25-JAN-18,99
1365,1365,1679,07-MAR-19,11
1366,1366,1141,18-JUL-15,27
1367,1367,1832,23-APR-15,58
1368,1368,1679,16-APR-19,27
1369,1369,293,30-APR-20,8
1370,1370,1767,31-MAY-17,84
1371,1371,1642,07-APR-20,33
1372,1372,1767,08-APR-17,60
1373,1373,1598,08-JUN-19,40
1374,1374,592,20-APR-17,66
1375,1375,624,01-JUN-18,65
1376,1376,951,22-APR-16,78
1377,1377,860,23-JUN-16,43
1378,1378,1231,31-MAY-17,35
1379,1379,293,12-MAY-20,38
1380,1380,281,14-FEB-17,1
1381,1381,293,28-MAY-20,82
1382,1382,592,11-FEB-17,22
1383,1383,183,26-MAR-16,20
1384,1384,1424,01-MAR-18,22
1385,1385,624,23-MAR-18,20
1386,1386,860,05-JUN-16,14
1387,1387,1309,13-MAR-15,52
1388,1388,293,26-JUN-20,42
1389,1389,745,11-JUN-19,45
1390,1390,1767,29-MAR-17,75
1391,1391,1424,04-JUN-18,9
1392,1392,1668,07-MAY-16,66
1393,1393,752,13-APR-20,86
1394,1394,1668,08-MAY-16,75
1395,1395,433,10-MAR-18,85
1396,1396,619,12-APR-15,34
1397,1397,1607,25-APR-19,8
1398,1398,1299,27-MAY-18,83
1399,1399,128,20-APR-20,7
1400,1400,970,06-JUN-20,37
1401,1401,128,10-MAY-20,46
1402,1402,433,11-MAY-18,25
1403,1403,1557,12-APR-17,24
1404,1404,1977,25-JUL-17,25
1405,1405,1557,21-JUL-17,66
1406,1406,1978,11-JUN-15,30
1407,1407,1673,27-MAR-16,46
1408,1408,1428,15-JUN-16,84
1409,1409,1794,20-MAR-15,37
1410,1410,1904,27-APR-16,18
1411,1411,1794,08-MAY-15,19
1412,1412,1673,27-APR-16,75
1413,1413,363,25-MAR-15,10
1414,1414,1479,09-JAN-18,47
1415,1415,1673,20-MAY-16,43
1416,1416,1428,07-MAR-16,42
1417,1417,1428,19-JUN-16,91
1418,1418,363,26-FEB-15,2
1419,1419,1978,25-JUN-15,37
1420,1420,444,15-APR-18,80
1421,1421,1794,03-APR-15,73
1422,1422,1557,04-AUG-17,63
1423,1423,723,30-JAN-16,26
1424,1424,1221,01-MAR-15,30
1425,1425,1467,11-MAR-15,41
1426,1426,1354,23-MAY-16,28
1427,1427,1276,11-JUN-19,84
1428,1428,552,06-APR-18,24
1429,1429,867,29-MAR-16,9
1430,1430,62,06-APR-20,74
1431,1431,1276,12-JUN-19,64
1432,1432,35,18-APR-19,24
1433,1433,220,08-MAY-17,17
1434,1434,19,19-MAR-18,58
1435,1435,552,31-MAR-18,72
1436,1436,35,29-APR-19,8
1437,1437,1467,26-APR-15,6
1438,1438,464,01-APR-19,93
1439,1439,464,26-APR-19,44
1440,1440,464,19-FEB-19,44
1441,1441,1315,08-MAY-16,34
1442,1442,1235,30-APR-18,96
1443,1443,1448,11-MAR-20,44
1444,1444,1486,27-MAY-19,87
1445,1445,1448,14-MAR-20,7
1446,1446,1226,11-MAR-15,64
1447,1447,218,22-APR-17,75
1448,1448,1315,02-FEB-16,23
1449,1449,1972,25-JUN-19,90
1450,1450,1315,24-MAY-16,87
1451,1451,200,08-JUN-19,54
1452,1452,803,15-APR-15,75
1453,1453,218,09-MAR-17,54
1454,1454,1451,26-MAR-15,92
1455,1455,1448,22-MAR-20,37
1456,1456,1448,25-MAR-20,44
1457,1457,1448,11-MAY-20,77
1458,1458,1486,31-MAY-19,80
1459,1459,803,07-MAR-15,99
