"ID_SKLADU","ID_ODDELENIA"
1,1
2,2
3,3
4,4
5,4
6,4
7,5
8,6
9,6
10,6
11,7
12,8
13,8
14,9
15,10
16,10
17,10
18,11
19,12
20,13
21,13
22,13
23,14
24,15
25,16
26,16
27,17
28,17
29,18
30,19
31,19
32,20
33,21
34,22
35,23
36,23
37,23
38,24
39,25
40,25
41,25
42,26
43,26
44,26
45,27
46,28
47,28
48,29
49,30
50,30
51,31
52,32
53,32
54,33
55,33
56,33
57,34
58,34
59,35
60,35
61,36
62,36
63,36
64,37
65,37
66,37
67,38
68,39
69,39
70,40
71,40
72,40
73,41
74,41
75,42
76,42
77,42
78,43
79,44
80,44
81,45
82,45
83,46
84,47
85,47
86,48
87,49
88,49
89,49
90,50
91,51
92,52
93,52
94,52
95,53
96,54
97,54
98,54
99,55
100,56
101,57
102,58
103,58
104,58
105,59
106,59
107,59
108,60
109,60
110,61
111,61
112,62
113,62
114,62
115,63
116,63
117,64
118,65
119,65
120,65
121,66
122,66
123,66
124,67
125,67
126,68
127,69
128,70
129,70
130,70
131,71
132,71
133,71
134,72
135,72
136,73
137,74
138,74
139,75
140,75
141,75
142,76
143,76
144,76
145,77
146,77
147,78
148,78
149,79
150,79
151,80
152,80
153,81
154,82
155,83
156,83
157,84
158,84
159,84
160,85
161,86
162,86
163,86
164,87
165,88
166,88
167,88
168,89
169,90
170,90
171,91
172,91
173,92
174,92
175,92
176,93
177,93
178,94
179,95
180,96
181,96
182,96
183,97
184,98
185,98
186,98
187,99
188,100
189,101
190,102
191,103
192,103
193,103
194,104
195,104
196,105
197,106
198,106
199,106
200,107
201,107
202,108
203,108
204,109
205,110
206,110
207,110
208,111
209,112
210,112
211,113
212,114
213,114
214,115
215,115
216,116
217,116
218,116
219,117
220,117
221,118
222,118
223,119
224,119
225,119
226,120
227,121
228,121
229,122
230,122
231,123
232,123
233,124
234,124
235,125
236,126
237,127
238,128
239,128
240,129
241,130
242,130
243,131
244,132
245,133
246,133
247,133
248,134
249,135
250,135
251,135
252,136
253,136
254,136
255,137
256,137
257,138
258,138
259,139
260,139
261,139
262,140
263,141
264,141
265,141
266,142
267,143
268,144
269,145
270,145
271,146
272,147
273,147
274,147
275,148
276,148
277,149
278,149
279,149
280,150
281,150
282,151
283,151
284,152
285,153
286,154
287,154
288,154
289,155
290,155
291,156
292,157
293,158
294,158
295,159
296,160
297,161
298,161
299,162
300,163
301,163
302,164
303,165
304,165
305,166
306,167
307,167
308,167
309,168
310,168
311,169
312,169
313,170
314,170
315,171
316,172
317,172
318,172
319,173
320,173
321,173
322,174
323,174
324,174
325,175
326,176
327,176
328,177
329,177
330,177
331,178
332,179
333,180
334,181
335,182
336,182
337,183
338,184
339,185
340,186
341,187
342,188
343,188
344,188
345,189
346,189
347,189
348,190
349,190
350,190
351,191
352,192
353,193
354,193
355,194
356,194
357,195
358,195
359,195
360,196
361,196
362,197
363,198
364,198
365,198
366,199
367,200
368,200
369,200
370,201
371,201
372,202
373,202
374,202
375,203
376,204
377,204
378,205
379,206
380,207
381,207
382,207
383,208
384,209
385,209
386,210
387,211
388,212
389,212
390,213
391,214
392,215
393,216
394,216
395,216
396,217
397,217
398,217
399,218
400,218
401,219
402,219
403,219
404,220
405,220
406,221
407,221
408,222
409,222
410,223
411,223
412,224
413,225
414,226
415,227
416,227
417,227
418,228
419,228
420,229
421,229
422,230
423,230
424,230
425,231
426,232
427,232
428,232
429,233
430,233
431,234
432,234
433,234
434,235
435,236
436,237
437,237
438,238
439,239
440,240
441,241
442,241
443,242
444,242
445,243
446,243
447,243
448,244
449,244
450,244
451,245
452,246
453,246
454,247
455,247
456,247
457,248
458,248
459,248
460,249
461,249
462,249
463,250
464,250
465,250
466,251
467,251
468,251
469,252
470,252
471,252
472,253
473,253
474,253
475,254
476,254
477,254
478,255
479,255
480,256
481,256
482,257
483,257
484,258
485,259
486,259
487,260
488,260
489,261
490,261
491,262
492,263
493,264
494,264
495,264
496,265
497,265
498,265
499,266
500,266
501,266
502,267
503,267
504,267
505,268
506,268
507,268
508,269
509,269
510,269
511,270
512,271
513,272
514,272
515,272
516,273
517,273
518,274
519,274
520,274
521,275
522,276
523,276
524,277
525,277
526,277
527,278
528,278
529,278
530,279
531,279
532,280
533,280
534,281
535,281
536,281
537,282
538,282
539,282
540,283
541,283
542,283
543,284
544,284
545,284
546,285
547,285
548,286
549,286
550,286
551,287
552,287
553,288
554,288
555,289
556,289
557,289
558,290
559,290
560,291
561,291
562,291
563,292
564,292
565,292
566,293
567,293
568,293
569,294
570,294
571,294
572,295
573,295
574,295
575,296
576,297
577,297
578,297
579,298
580,299
581,300
582,300
583,300
584,301
585,301
586,302
587,303
588,304
589,305
590,305
591,305
592,306
593,307
594,308
595,309
596,309
597,310
598,311
599,312
600,313
601,313
602,313
603,314
604,314
605,314
606,315
607,316
608,316
609,317
610,318
611,318
612,318
613,319
614,320
615,320
616,321
617,321
618,322
619,323
620,324
621,325
622,325
623,325
624,326
625,327
626,328
627,329
628,329
629,330
630,331
631,331
632,331
633,332
634,333
635,333
636,334
637,334
638,334
639,335
640,335
641,336
642,337
643,337
644,338
645,339
646,339
647,339
648,340
649,341
650,341
651,342
652,343
653,343
654,344
655,345
656,346
657,347
658,348
659,348
660,348
661,349
662,349
663,349
664,350
665,351
666,351
667,351
668,352
669,353
670,353
671,354
672,354
673,354
674,355
675,355
676,356
677,356
678,356
679,357
680,358
681,358
682,359
683,359
684,360
685,361
686,361
687,362
688,362
689,363
690,363
691,364
692,365
693,365
694,366
695,366
696,367
697,367
698,367
699,368
700,368
701,368
702,369
703,369
704,369
705,370
706,370
707,370
708,371
709,372
710,372
711,372
712,373
713,373
714,373
715,374
716,374
717,374
718,375
719,375
720,376
721,376
722,377
723,377
724,377
725,378
726,378
727,378
728,379
729,379
730,380
731,380
732,380
733,381
734,381
735,381
736,382
737,382
738,383
739,384
740,384
741,384
742,385
743,385
744,386
745,387
746,388
747,388
748,388
749,389
750,389
751,390
752,390
753,391
754,391
755,392
756,393
757,394
758,395
759,395
760,395
761,396
762,396
763,397
764,398
765,398
766,399
767,399
768,399
769,400
770,400
771,400
772,401
773,402
774,403
775,403
776,403
777,404
778,404
779,404
780,405
781,405
782,405
783,406
784,406
785,407
786,408
787,408
788,409
789,409
790,410
791,410
792,410
793,411
794,411
795,412
796,412
797,412
798,413
799,413
800,413
801,414
802,414
803,414
804,415
805,415
806,416
807,417
808,417
809,417
810,418
811,418
812,419
813,420
814,421
815,421
816,422
817,422
818,422
819,423
820,424
821,424
822,424
823,425
824,426
825,427
826,428
827,429
828,429
829,430
830,430
831,430
832,431
833,431
834,431
835,432
836,433
837,434
838,434
839,434
840,435
841,436
842,436
843,436
844,437
845,438
846,439
847,440
848,440
849,441
850,442
851,442
852,442
853,443
854,443
855,444
856,444
857,445
858,445
859,446
860,446
861,446
862,447
863,448
864,448
865,449
866,450
867,450
868,450
869,451
870,451
871,451
872,452
873,452
874,452
875,453
876,454
877,455
878,455
879,455
880,456
881,457
882,457
883,458
884,458
885,459
886,459
887,460
888,461
889,461
890,462
891,462
892,462
893,463
894,464
895,464
896,464
897,465
898,466
899,466
900,467
901,467
902,468
903,468
904,469
905,469
906,470
907,470
908,470
909,471
910,471
911,471
912,472
913,472
914,472
915,473
916,474
917,474
918,475
919,475
920,476
921,476
922,477
923,478
924,478
925,478
926,479
927,479
928,479
929,480
930,480
931,480
932,481
933,481
934,481
935,482
936,482
937,483
938,483
939,484
940,484
941,484
942,485
943,485
944,486
945,487
946,487
947,488
948,488
949,489
950,489
951,490
952,491
953,491
954,492
955,493
956,493
957,493
958,494
959,495
960,495
961,496
962,497
963,497
964,497
965,498
966,498
967,499
968,499
969,500
970,500
971,500
972,501
973,502
974,503
975,503
976,504
977,504
978,504
979,505
980,505
981,506
982,506
983,506
984,507
985,508
986,508
987,508
988,509
989,509
990,509
991,510
992,510
993,511
994,511
995,512
996,512
997,512
998,513
999,514
1000,514
1001,515
1002,516
1003,516
1004,516
1005,517
1006,517
1007,517
1008,518
1009,519
1010,520
1011,520
1012,521
1013,522
1014,523
1015,523
1016,524
1017,525
1018,525
1019,525
1020,526
1021,526
1022,526
1023,527
1024,528
1025,528
1026,529
1027,529
1028,530
1029,530
1030,530
1031,531
1032,531
1033,531
1034,532
1035,532
1036,533
1037,533
1038,534
1039,534
1040,535
1041,535
1042,535
1043,536
1044,537
1045,537
1046,538
1047,538
1048,539
1049,539
1050,540
1051,541
1052,542
1053,542
1054,542
1055,543
1056,544
1057,545
1058,545
1059,546
1060,546
1061,546
1062,547
1063,547
1064,547
1065,548
1066,549
1067,550
1068,550
1069,550
1070,551
1071,551
1072,552
1073,552
1074,552
1075,553
1076,553
1077,554
1078,554
1079,554
1080,555
1081,556
1082,556
1083,557
1084,558
1085,558
1086,559
1087,559
1088,559
1089,560
1090,560
1091,561
1092,562
1093,562
1094,562
1095,563
1096,564
1097,564
1098,564
1099,565
1100,565
1101,565
1102,566
1103,566
1104,567
1105,568
1106,568
1107,569
1108,570
1109,570
1110,571
1111,572
1112,573
1113,574
1114,574
1115,575
1116,576
1117,576
1118,576
1119,577
1120,577
1121,577
1122,578
1123,578
1124,578
1125,579
1126,579
1127,579
1128,580
1129,581
1130,581
1131,582
1132,582
1133,582
1134,583
1135,583
1136,584
1137,584
1138,584
1139,585
1140,586
1141,586
1142,587
1143,587
1144,587
1145,588
1146,588
1147,589
1148,590
1149,591
1150,592
1151,592
1152,593
1153,593
1154,594
1155,595
1156,595
1157,596
1158,597
1159,597
1160,598
1161,598
1162,599
1163,599
1164,599
1165,600
1166,600
1167,601
1168,602
1169,602
1170,603
1171,603
1172,603
1173,604
1174,604
1175,604
1176,605
1177,606
1178,607
1179,608
1180,608
1181,609
1182,609
1183,610
1184,610
1185,610
1186,611
1187,611
1188,612
1189,612
1190,613
1191,613
1192,613
1193,614
1194,615
1195,616
1196,616
1197,616
1198,617
1199,617
1200,618
1201,619
1202,619
1203,619
1204,620
1205,620
1206,620
1207,621
1208,621
1209,622
1210,622
1211,622
1212,623
1213,624
1214,624
1215,624
1216,625
1217,625
1218,625
1219,626
1220,627
1221,627
1222,627
1223,628
1224,629
1225,629
1226,629
1227,630
1228,630
1229,631
1230,631
1231,631
1232,632
1233,632
1234,633
1235,633
1236,633
1237,634
1238,635
1239,635
1240,635
1241,636
1242,637
1243,637
1244,637
1245,638
1246,638
1247,638
1248,639
1249,639
1250,640
1251,640
1252,640
1253,641
1254,641
1255,641
1256,642
1257,643
1258,644
1259,644
1260,644
1261,645
1262,646
1263,647
1264,648
1265,648
1266,649
1267,650
1268,650
1269,650
1270,651
1271,652
1272,653
1273,653
1274,654
1275,654
1276,655
1277,656
1278,656
1279,657
1280,657
1281,658
1282,658
1283,658
1284,659
1285,659
1286,660
1287,660
1288,660
1289,661
1290,661
1291,662
1292,662
1293,663
1294,663
1295,664
1296,665
1297,666
1298,667
1299,668
1300,669
1301,670
1302,670
1303,671
1304,672
1305,672
1306,672
1307,673
1308,674
1309,675
1310,675
1311,676
1312,677
1313,678
1314,678
1315,678
1316,679
1317,679
1318,680
1319,681
1320,681
1321,681
1322,682
1323,683
1324,683
1325,684
1326,684
1327,685
1328,685
1329,685
1330,686
1331,686
1332,687
1333,687
1334,687
1335,688
1336,688
1337,689
1338,689
1339,689
1340,690
1341,690
1342,690
1343,691
1344,691
1345,691
1346,692
1347,692
1348,693
1349,693
1350,693
1351,694
1352,694
1353,694
1354,695
1355,696
1356,696
1357,697
1358,697
1359,697
1360,698
1361,698
1362,698
1363,699
1364,699
1365,699
1366,700
1367,701
1368,702
1369,702
1370,702
1371,703
1372,703
1373,704
1374,704
1375,704
1376,705
1377,706
1378,706
1379,706
1380,707
1381,707
1382,708
1383,708
1384,708
1385,709
1386,710
1387,711
1388,711
1389,711
1390,712
1391,712
1392,712
1393,713
1394,714
1395,715
1396,715
1397,716
1398,717
1399,718
1400,718
1401,718
1402,719
1403,719
1404,719
1405,720
1406,720
1407,720
1408,721
1409,721
1410,722
1411,722
1412,723
1413,723
1414,724
1415,724
1416,725
1417,725
1418,725
1419,726
1420,726
1421,726
1422,727
1423,727
1424,728
1425,729
1426,730
1427,730
1428,731
1429,732
1430,732
1431,732
1432,733
1433,734
1434,734
1435,734
1436,735
1437,735
1438,735
1439,736
1440,736
1441,737
1442,737
1443,737
1444,738
1445,739
1446,740
1447,741
1448,741
1449,742
1450,743
1451,744
1452,745
1453,745
1454,746
1455,746
1456,746
1457,747
1458,748
1459,748
1460,748
1461,749
1462,750
1463,750
1464,750
1465,751
1466,751
1467,752
1468,752
1469,753
1470,754
1471,754
1472,754
1473,755
1474,755
1475,755
1476,756
1477,756
1478,757
1479,757
1480,758
1481,758
1482,758
1483,759
1484,759
1485,759
1486,760
1487,760
1488,760
1489,761
1490,761
1491,761
1492,762
1493,762
1494,763
1495,763
1496,763
1497,764
1498,765
1499,765
1500,766
1501,766
1502,766
1503,767
1504,768
1505,768
1506,768
1507,769
1508,769
1509,769
1510,770
1511,771
1512,771
1513,772
1514,773
1515,774
1516,774
1517,774
1518,775
1519,776
1520,776
1521,776
1522,777
1523,778
1524,779
1525,780
1526,780
1527,780
1528,781
1529,782
1530,782
1531,783
1532,784
1533,784
1534,784
1535,785
1536,785
1537,786
1538,786
1539,787
1540,788
1541,788
1542,789
1543,789
1544,789
1545,790
1546,790
1547,790
1548,791
1549,791
1550,792
1551,792
1552,793
1553,793
1554,793
1555,794
1556,794
1557,795
1558,795
1559,795
1560,796
1561,796
1562,797
1563,797
1564,797
1565,798
1566,798
1567,798
1568,799
1569,799
1570,799
1571,800
1572,800
1573,800
1574,801
1575,801
1576,801
1577,802
1578,802
1579,802
1580,803
1581,803
1582,803
1583,804
1584,805
1585,805
1586,805
1587,806
1588,806
1589,807
1590,807
1591,808
1592,808
1593,809
1594,809
1595,809
1596,810
1597,811
1598,812
1599,813
1600,813
1601,814
1602,815
1603,816
1604,817
1605,817
1606,818
1607,819
1608,820
1609,820
1610,820
1611,821
1612,821
1613,822
1614,822
1615,822
1616,823
1617,823
1618,824
1619,824
1620,824
1621,825
1622,826
1623,827
1624,827
1625,828
1626,828
1627,828
1628,829
1629,830
1630,831
1631,831
1632,831
1633,832
1634,833
1635,834
1636,834
1637,834
1638,835
1639,835
1640,836
1641,836
1642,837
1643,838
1644,839
1645,840
1646,841
1647,841
1648,842
1649,843
1650,843
1651,844
1652,844
1653,844
1654,845
1655,846
1656,846
1657,847
1658,847
1659,848
1660,849
1661,850
1662,850
1663,851
1664,851
1665,851
1666,852
1667,852
1668,852
1669,853
1670,854
1671,854
1672,855
1673,856
1674,856
1675,857
1676,857
1677,858
1678,859
1679,859
1680,859
1681,860
1682,860
1683,861
1684,861
1685,862
1686,862
1687,862
1688,863
1689,863
1690,863
1691,864
1692,865
1693,865
1694,866
1695,867
1696,867
1697,868
1698,869
1699,870
1700,870
1701,870
1702,871
1703,872
1704,873
1705,873
1706,874
1707,875
1708,876
1709,876
1710,876
1711,877
1712,877
1713,877
1714,878
1715,879
1716,880
1717,881
1718,881
1719,882
1720,882
1721,882
1722,883
1723,883
1724,884
1725,884
1726,885
1727,885
1728,886
1729,886
1730,886
1731,887
1732,888
1733,888
1734,888
1735,889
1736,889
1737,889
1738,890
1739,891
1740,891
1741,892
1742,892
1743,892
1744,893
1745,893
1746,894
1747,895
1748,895
1749,896
1750,896
1751,897
1752,897
1753,897
1754,898
1755,899
1756,900
1757,900
1758,901
1759,901
1760,901
1761,902
1762,902
1763,903
1764,903
1765,904
1766,904
1767,904
1768,905
1769,905
1770,906
1771,907
1772,908
1773,908
1774,909
1775,910
1776,911
1777,911
1778,911
1779,912
1780,912
1781,912
1782,913
1783,913
1784,914
1785,914
1786,914
1787,915
1788,915
1789,915
1790,916
1791,917
1792,917
1793,917
1794,918
1795,918
1796,918
1797,919
1798,919
1799,919
1800,920
1801,920
1802,920
1803,921
1804,922
1805,923
1806,923
1807,923
1808,924
1809,924
1810,924
1811,925
1812,925
1813,925
1814,926
1815,926
1816,926
1817,927
1818,928
1819,929
1820,929
1821,930
1822,930
1823,931
1824,932
1825,932
1826,933
1827,934
1828,934
1829,935
1830,935
1831,935
1832,936
1833,936
1834,937
1835,937
1836,937
1837,938
1838,938
1839,939
1840,939
1841,939
1842,940
1843,940
1844,940
1845,941
1846,941
1847,941
1848,942
1849,942
1850,943
1851,944
1852,944
1853,944
1854,945
1855,945
1856,945
1857,946
1858,947
1859,947
1860,948
1861,949
1862,950
1863,951
1864,951
1865,952
1866,952
1867,952
1868,953
1869,953
1870,954
1871,955
1872,955
1873,955
1874,956
1875,957
1876,958
1877,958
1878,959
1879,959
1880,959
1881,960
1882,961
1883,961
1884,961
1885,962
1886,962
1887,963
1888,964
1889,965
1890,965
1891,966
1892,967
1893,968
1894,968
1895,969
1896,970
1897,971
1898,971
1899,972
1900,972
1901,973
1902,974
1903,974
1904,975
1905,975
1906,975
1907,976
1908,977
1909,977
1910,977
1911,978
1912,978
1913,978
1914,979
1915,980
1916,980
1917,981
1918,981
1919,982
1920,982
1921,983
1922,984
1923,984
1924,985
1925,986
1926,986
1927,987
1928,987
1929,987
1930,988
1931,989
1932,990
1933,990
1934,991
1935,992
1936,993
1937,993
1938,994
1939,994
1940,994
1941,995
1942,995
1943,996
1944,996
1945,997
1946,998
1947,999
1948,1000
1949,1000
1950,1000
1951,1001
1952,1001
1953,1001
1954,1002
1955,1002
1956,1002
1957,1003
1958,1003
1959,1003
1960,1004
1961,1004
1962,1004
1963,1005
1964,1005
1965,1005
1966,1006
1967,1007
1968,1008
1969,1009
1970,1009
1971,1010
1972,1011
1973,1011
1974,1012
1975,1012
1976,1012
1977,1013
1978,1013
1979,1014
1980,1014
1981,1015
1982,1015
1983,1016
1984,1016
1985,1016
1986,1017
1987,1017
1988,1018
1989,1018
1990,1019
1991,1019
1992,1020
1993,1020
1994,1021
1995,1021
1996,1021
1997,1022
1998,1022
1999,1022
2000,1023
2001,1023
2002,1024
2003,1025
2004,1026
2005,1027
2006,1027
2007,1027
2008,1028
2009,1029
2010,1030
2011,1031
2012,1031
2013,1031
2014,1032
2015,1033
2016,1033
2017,1033
2018,1034
2019,1034
2020,1035
2021,1035
2022,1036
2023,1036
2024,1036
2025,1037
2026,1037
2027,1037
2028,1038
2029,1038
2030,1038
2031,1039
2032,1040
2033,1040
2034,1040
2035,1041
2036,1041
2037,1041
2038,1042
2039,1042
2040,1042
2041,1043
2042,1043
2043,1044
2044,1044
2045,1045
2046,1045
2047,1045
2048,1046
2049,1047
2050,1047
2051,1048
2052,1048
2053,1048
2054,1049
2055,1049
2056,1049
2057,1050
2058,1050
2059,1050
2060,1051
2061,1051
2062,1052
2063,1052
2064,1052
2065,1053
2066,1054
2067,1054
2068,1055
2069,1056
2070,1056
2071,1057
2072,1057
2073,1057
2074,1058
2075,1058
2076,1059
2077,1059
2078,1060
2079,1061
2080,1061
2081,1061
2082,1062
2083,1063
2084,1063
2085,1064
2086,1065
2087,1065
2088,1066
2089,1066
2090,1067
2091,1067
2092,1067
2093,1068
2094,1069
2095,1069
2096,1069
2097,1070
2098,1070
2099,1070
2100,1071
2101,1071
2102,1072
2103,1073
2104,1073
2105,1073
2106,1074
2107,1074
2108,1075
2109,1075
2110,1076
2111,1076
2112,1076
2113,1077
2114,1077
2115,1078
2116,1078
2117,1079
2118,1079
2119,1080
2120,1080
2121,1081
2122,1081
2123,1081
2124,1082
2125,1082
2126,1082
2127,1083
2128,1083
2129,1083
2130,1084
2131,1084
2132,1084
2133,1085
2134,1086
2135,1086
2136,1086
2137,1087
2138,1088
2139,1088
2140,1089
2141,1089
2142,1090
2143,1091
2144,1091
2145,1091
2146,1092
2147,1092
2148,1092
2149,1093
2150,1093
2151,1094
2152,1094
2153,1095
2154,1095
2155,1095
2156,1096
2157,1096
2158,1096
2159,1097
2160,1098
2161,1098
2162,1098
2163,1099
2164,1099
2165,1100
2166,1101
2167,1101
2168,1102
2169,1102
2170,1103
2171,1103
2172,1103
2173,1104
2174,1104
2175,1105
2176,1105
2177,1106
2178,1107
2179,1108
2180,1109
2181,1109
2182,1110
2183,1110
2184,1110
2185,1111
2186,1111
2187,1112
2188,1112
2189,1113
2190,1113
2191,1114
2192,1115
2193,1115
2194,1116
2195,1116
2196,1116
2197,1117
2198,1118
2199,1118
2200,1119
2201,1119
2202,1119
2203,1120
2204,1120
2205,1120
2206,1121
2207,1122
2208,1122
2209,1123
2210,1123
2211,1124
2212,1124
2213,1124
2214,1125
2215,1126
2216,1126
2217,1126
2218,1127
2219,1127
2220,1127
2221,1128
2222,1129
2223,1129
2224,1129
2225,1130
2226,1130
2227,1130
2228,1131
2229,1131
2230,1131
2231,1132
2232,1132
2233,1132
2234,1133
2235,1133
2236,1133
2237,1134
2238,1135
2239,1135
2240,1135
2241,1136
2242,1136
2243,1136
2244,1137
2245,1137
2246,1138
2247,1138
2248,1138
2249,1139
2250,1139
2251,1140
2252,1140
2253,1140
2254,1141
2255,1141
2256,1142
2257,1142
2258,1143
2259,1143
2260,1143
2261,1144
2262,1145
2263,1145
2264,1145
2265,1146
2266,1147
2267,1147
2268,1148
2269,1148
2270,1149
2271,1150
2272,1150
2273,1150
2274,1151
2275,1152
2276,1153
2277,1153
2278,1153
2279,1154
2280,1154
2281,1154
2282,1155
2283,1155
2284,1155
2285,1156
2286,1157
2287,1158
2288,1158
2289,1159
2290,1159
2291,1160
2292,1160
2293,1160
2294,1161
2295,1161
2296,1162
2297,1163
2298,1164
2299,1164
2300,1165
2301,1165
2302,1165
2303,1166
2304,1166
2305,1166
2306,1167
2307,1168
2308,1168
2309,1169
2310,1169
2311,1170
2312,1170
2313,1170
2314,1171
2315,1172
2316,1172
2317,1172
2318,1173
2319,1174
2320,1174
2321,1175
2322,1176
2323,1177
2324,1177
2325,1178
2326,1178
2327,1178
2328,1179
2329,1180
2330,1180
2331,1180
2332,1181
2333,1182
2334,1182
2335,1182
2336,1183
2337,1184
2338,1184
2339,1185
2340,1185
2341,1185
2342,1186
2343,1187
2344,1187
2345,1188
2346,1188
2347,1189
2348,1189
2349,1189
2350,1190
2351,1190
2352,1191
2353,1191
2354,1191
2355,1192
2356,1192
2357,1192
2358,1193
2359,1194
2360,1195
2361,1195
2362,1195
2363,1196
2364,1196
2365,1197
2366,1197
2367,1198
2368,1198
2369,1199
2370,1200
2371,1200
2372,1200
2373,1201
2374,1201
2375,1202
2376,1202
2377,1203
2378,1203
2379,1204
2380,1205
2381,1205
2382,1205
2383,1206
2384,1206
2385,1207
2386,1208
2387,1208
2388,1209
2389,1209
2390,1209
2391,1210
2392,1210
2393,1211
2394,1211
2395,1211
2396,1212
2397,1213
2398,1213
2399,1213
2400,1214
2401,1215
2402,1215
2403,1215
2404,1216
2405,1216
2406,1217
2407,1217
2408,1218
2409,1218
2410,1219
2411,1219
2412,1220
2413,1220
2414,1221
2415,1221
2416,1221
2417,1222
2418,1222
2419,1222
2420,1223
2421,1223
2422,1224
2423,1224
2424,1224
2425,1225
2426,1225
2427,1226
2428,1227
2429,1228
2430,1228
2431,1228
2432,1229
2433,1230
2434,1230
2435,1231
2436,1232
2437,1232
2438,1232
2439,1233
2440,1234
2441,1234
2442,1234
2443,1235
2444,1235
2445,1236
2446,1237
2447,1237
2448,1238
2449,1239
2450,1239
2451,1239
2452,1240
2453,1240
2454,1240
2455,1241
2456,1241
2457,1241
2458,1242
2459,1242
2460,1243
2461,1243
2462,1244
2463,1244
2464,1244
2465,1245
2466,1246
2467,1246
2468,1246
2469,1247
2470,1247
2471,1247
2472,1248
2473,1248
2474,1249
2475,1250
2476,1251
2477,1251
2478,1252
2479,1252
2480,1252
2481,1253
2482,1254
2483,1255
2484,1255
2485,1255
2486,1256
2487,1257
2488,1257
2489,1258
2490,1258
2491,1259
2492,1259
2493,1260
2494,1260
2495,1261
2496,1261
2497,1261
2498,1262
2499,1262
2500,1262
2501,1263
2502,1263
2503,1264
2504,1265
2505,1265
2506,1266
2507,1266
2508,1267
2509,1267
2510,1267
2511,1268
2512,1268
2513,1268
2514,1269
2515,1269
2516,1269
2517,1270
2518,1270
2519,1271
2520,1271
2521,1272
2522,1272
2523,1272
2524,1273
2525,1274
2526,1274
2527,1274
2528,1275
2529,1276
2530,1276
2531,1277
2532,1278
2533,1279
2534,1279
2535,1280
2536,1280
2537,1280
2538,1281
2539,1282
2540,1282
2541,1283
2542,1284
2543,1284
2544,1285
2545,1285
2546,1286
2547,1286
2548,1286
2549,1287
2550,1287
2551,1288
2552,1288
2553,1289
2554,1289
2555,1289
2556,1290
2557,1291
2558,1291
2559,1292
2560,1292
2561,1292
2562,1293
2563,1293
2564,1293
2565,1294
2566,1294
2567,1294
2568,1295
2569,1296
2570,1296
2571,1297
2572,1297
2573,1297
2574,1298
2575,1298
2576,1299
2577,1299
2578,1299
2579,1300
2580,1300
2581,1300
2582,1301
2583,1301
2584,1301
2585,1302
2586,1303
2587,1304
2588,1304
2589,1304
2590,1305
2591,1306
2592,1306
2593,1306
2594,1307
2595,1307
2596,1308
2597,1308
2598,1309
2599,1309
2600,1309
2601,1310
2602,1310
2603,1310
2604,1311
2605,1311
2606,1312
2607,1312
2608,1312
2609,1313
2610,1313
2611,1314
2612,1315
2613,1315
2614,1315
2615,1316
2616,1316
2617,1316
2618,1317
2619,1317
2620,1318
2621,1318
2622,1319
2623,1320
2624,1320
2625,1320
2626,1321
2627,1321
2628,1321
2629,1322
2630,1322
2631,1323
2632,1323
2633,1323
2634,1324
2635,1325
2636,1325
2637,1325
2638,1326
2639,1327
2640,1327
2641,1327
2642,1328
2643,1329
2644,1329
2645,1329
2646,1330
2647,1330
2648,1330
2649,1331
2650,1331
2651,1331
2652,1332
2653,1333
2654,1334
2655,1335
2656,1335
2657,1335
2658,1336
2659,1336
2660,1337
2661,1337
2662,1337
2663,1338
2664,1339
2665,1339
2666,1339
2667,1340
2668,1341
2669,1341
2670,1342
2671,1342
2672,1343
2673,1343
2674,1343
2675,1344
2676,1344
2677,1344
2678,1345
2679,1345
2680,1345
2681,1346
2682,1347
2683,1347
2684,1348
2685,1348
2686,1348
2687,1349
2688,1349
2689,1349
2690,1350
2691,1350
2692,1351
2693,1351
2694,1351
2695,1352
2696,1353
2697,1353
2698,1353
2699,1354
2700,1355
2701,1355
2702,1355
2703,1356
2704,1356
2705,1356
2706,1357
2707,1358
2708,1359
2709,1360
2710,1360
2711,1361
2712,1361
2713,1362
2714,1362
2715,1362
2716,1363
2717,1363
2718,1364
2719,1364
2720,1365
2721,1365
2722,1366
2723,1366
2724,1367
2725,1368
2726,1369
2727,1370
2728,1370
2729,1370
2730,1371
2731,1371
2732,1372
2733,1373
2734,1373
2735,1373
2736,1374
2737,1375
2738,1376
2739,1376
2740,1377
2741,1377
2742,1377
2743,1378
2744,1379
2745,1380
2746,1381
2747,1381
2748,1382
2749,1382
2750,1382
2751,1383
2752,1383
2753,1383
2754,1384
2755,1384
2756,1384
2757,1385
2758,1386
2759,1386
2760,1386
2761,1387
2762,1388
2763,1389
2764,1389
2765,1390
2766,1391
2767,1391
2768,1392
2769,1392
2770,1393
2771,1394
2772,1395
2773,1395
2774,1396
2775,1397
2776,1397
2777,1398
2778,1399
2779,1400
2780,1400
2781,1400
2782,1401
2783,1402
2784,1403
2785,1403
2786,1404
2787,1404
2788,1405
2789,1405
2790,1405
2791,1406
2792,1406
2793,1406
2794,1407
2795,1408
2796,1409
2797,1410
2798,1410
2799,1410
2800,1411
2801,1411
2802,1411
2803,1412
2804,1413
2805,1414
2806,1415
2807,1415
2808,1415
2809,1416
2810,1416
2811,1416
2812,1417
2813,1417
2814,1417
2815,1418
2816,1418
2817,1419
2818,1419
2819,1419
2820,1420
2821,1420
2822,1420
2823,1421
2824,1421
2825,1421
2826,1422
2827,1422
2828,1422
2829,1423
2830,1423
2831,1424
2832,1424
2833,1425
2834,1426
2835,1426
2836,1427
2837,1428
2838,1428
2839,1429
2840,1430
2841,1430
2842,1431
2843,1431
2844,1431
2845,1432
2846,1432
2847,1433
2848,1433
2849,1434
2850,1435
2851,1435
2852,1435
2853,1436
2854,1436
2855,1437
2856,1437
2857,1437
2858,1438
2859,1438
2860,1438
2861,1439
2862,1439
4576,2299
4577,2299
4578,2299
4579,2300
4580,2300
4581,2301
4582,2301
4583,2301
4584,2302
4585,2302
4586,2303
4587,2304
4588,2304
4589,2304
4590,2305
4591,2305
4592,2306
4593,2306
4594,2307
4595,2307
4596,2308
4597,2309
4598,2310
4599,2311
4600,2312
4601,2313
4602,2313
4603,2313
4604,2314
4605,2314
4606,2315
4607,2315
4608,2315
4609,2316
4610,2316
4611,2317
4612,2317
4613,2318
4614,2318
4615,2318
4616,2319
4617,2319
4618,2320
4619,2320
4620,2321
4621,2321
4622,2321
4623,2322
4624,2323
4625,2324
4626,2324
4627,2324
4628,2325
4629,2325
4630,2326
4631,2326
4632,2326
4633,2327
4634,2327
4635,2327
4636,2328
4637,2328
4638,2329
4639,2329
4640,2329
4641,2330
4642,2330
4643,2331
4644,2332
4645,2333
4646,2333
4647,2334
4648,2335
4649,2335
4650,2336
4651,2337
4652,2337
4653,2338
4654,2339
4655,2339
4656,2339
4657,2340
4658,2340
4659,2340
4660,2341
4661,2341
4662,2342
4663,2342
4664,2342
4665,2343
4666,2343
4667,2343
4668,2344
4669,2345
4670,2345
4671,2346
4672,2346
4673,2346
4674,2347
4675,2347
4676,2347
4677,2348
4678,2348
4679,2349
4680,2349
4681,2349
4682,2350
4683,2350
4684,2351
4685,2351
4686,2351
4687,2352
4688,2352
4689,2352
4690,2353
4691,2353
4692,2353
4693,2354
4694,2354
4695,2354
4696,2355
4697,2355
4698,2356
4699,2357
4700,2358
4701,2359
4702,2360
4703,2361
4704,2362
4705,2362
4706,2363
4707,2363
4708,2363
4709,2364
4710,2364
4711,2365
4712,2365
4713,2365
4714,2366
4715,2367
4716,2367
4717,2367
4718,2368
4719,2369
4720,2370
4721,2370
4722,2371
4723,2371
4724,2371
4725,2372
4726,2372
4727,2373
4728,2374
4729,2374
4730,2375
4731,2375
4732,2375
4733,2376
4734,2376
4735,2377
4736,2377
4737,2378
4738,2379
4739,2379
4740,2379
4741,2380
4742,2380
4743,2380
4744,2381
4745,2381
4746,2382
4747,2383
4748,2383
4749,2384
4750,2384
4751,2384
4752,2385
4753,2385
4754,2385
4755,2386
4756,2386
4757,2386
4758,2387
4759,2387
4760,2387
4761,2388
4762,2388
4763,2389
4764,2389
4765,2390
4766,2391
4767,2391
4768,2391
4769,2392
4770,2392
4771,2393
4772,2393
4773,2393
4774,2394
4775,2394
4776,2395
4777,2395
4778,2395
4779,2396
4780,2397
4781,2397
4782,2397
4783,2398
4784,2399
4785,2400
4786,2401
4787,2401
4788,2402
4789,2402
4790,2403
4791,2403
4792,2404
4793,2405
4794,2405
4795,2406
4796,2406
4797,2407
4798,2407
4799,2407
4800,2408
4801,2409
4802,2409
4803,2409
4804,2410
4805,2410
4806,2410
4807,2411
4808,2412
4809,2413
4810,2413
4811,2413
4812,2414
4813,2414
4814,2415
4815,2415
4816,2416
4817,2417
4818,2417
4819,2417
4820,2418
4821,2418
4822,2418
4823,2419
4824,2419
4825,2419
4826,2420
4827,2420
4828,2420
4829,2421
4830,2422
4831,2423
4832,2423
4833,2423
4834,2424
4835,2425
4836,2425
4837,2426
4838,2426
4839,2426
4840,2427
4841,2427
4842,2428
4843,2428
4844,2429
4845,2430
4846,2430
4847,2430
4848,2431
4849,2431
4850,2432
4851,2433
4852,2434
4853,2434
4854,2435
4855,2436
4856,2437
4857,2437
4858,2438
4859,2438
4860,2439
4861,2440
4862,2440
4863,2441
4864,2442
4865,2442
4866,2443
4867,2444
4868,2445
4869,2445
4870,2445
4871,2446
4872,2446
4873,2447
4874,2447
4875,2448
4876,2449
4877,2450
4878,2450
4879,2451
4880,2451
4881,2451
4882,2452
4883,2452
4884,2453
4885,2453
4886,2454
4887,2454
4888,2454
4889,2455
4890,2455
4891,2456
4892,2456
4893,2456
4894,2457
4895,2457
4896,2457
4897,2458
4898,2459
4899,2459
4900,2459
4901,2460
4902,2460
4903,2460
4904,2461
4905,2461
4906,2461
4907,2462
4908,2463
4909,2463
4910,2464
4911,2464
4912,2465
4913,2465
4914,2466
4915,2466
4916,2466
4917,2467
4918,2467
4919,2468
4920,2468
4921,2468
4922,2469
4923,2469
4924,2470
4925,2471
4926,2471
4927,2472
4928,2472
4929,2472
4930,2473
4931,2474
4932,2474
4933,2475
4934,2475
4935,2475
4936,2476
4937,2476
4938,2477
4939,2477
4940,2478
4941,2479
4942,2479
4943,2480
4944,2480
4945,2481
4946,2481
4947,2482
4948,2483
4949,2483
4950,2484
4951,2484
4952,2484
4953,2485
4954,2485
4955,2486
4956,2486
4957,2487
4958,2488
4959,2488
4960,2489
4961,2489
4962,2490
4963,2490
4964,2491
4965,2492
4966,2492
4967,2493
4968,2493
4969,2493
4970,2494
4971,2495
4972,2495
4973,2495
4974,2496
4975,2497
4976,2498
4977,2499
4978,2499
4979,2500
4980,2500
4981,2501
2863,1439
2864,1440
2865,1440
2866,1440
2867,1441
2868,1441
2869,1441
2870,1442
2871,1442
2872,1443
2873,1443
2874,1443
2875,1444
2876,1444
2877,1445
2878,1445
2879,1446
2880,1447
2881,1448
2882,1448
2883,1449
2884,1449
2885,1449
2886,1450
2887,1450
2888,1450
2889,1451
2890,1452
2891,1453
2892,1454
2893,1455
2894,1456
2895,1456
2896,1457
2897,1458
2898,1458
2899,1458
2900,1459
2901,1459
2902,1459
2903,1460
2904,1461
2905,1461
2906,1461
2907,1462
2908,1462
2909,1463
2910,1463
2911,1463
2912,1464
2913,1464
2914,1464
2915,1465
2916,1466
2917,1467
2918,1467
2919,1468
2920,1469
2921,1469
2922,1469
2923,1470
2924,1471
2925,1472
2926,1473
2927,1473
2928,1474
2929,1474
2930,1475
2931,1476
2932,1477
2933,1477
2934,1478
2935,1478
2936,1478
2937,1479
2938,1479
2939,1480
2940,1480
2941,1480
2942,1481
2943,1481
2944,1481
2945,1482
2946,1482
2947,1482
2948,1483
2949,1483
2950,1483
2951,1484
2952,1484
2953,1485
2954,1485
2955,1485
2956,1486
2957,1487
2958,1488
2959,1488
2960,1489
2961,1489
2962,1489
2963,1490
2964,1490
2965,1490
2966,1491
2967,1492
2968,1493
2969,1493
2970,1494
2971,1494
2972,1495
2973,1495
2974,1496
2975,1496
2976,1496
2977,1497
2978,1497
2979,1498
2980,1498
2981,1498
2982,1499
2983,1500
2984,1500
2985,1501
2986,1502
2987,1502
2988,1502
2989,1503
2990,1504
2991,1504
2992,1504
2993,1505
2994,1505
2995,1506
2996,1506
2997,1506
2998,1507
2999,1507
3000,1507
3001,1508
3002,1508
3003,1508
3004,1509
3005,1509
3006,1509
3007,1510
3008,1510
3009,1511
3010,1511
3011,1512
3012,1512
3013,1512
3014,1513
3015,1513
3016,1513
3017,1514
3018,1514
3019,1514
3020,1515
3021,1516
3022,1517
3023,1517
3024,1517
3025,1518
3026,1518
3027,1518
3028,1519
3029,1519
3030,1520
3031,1520
3032,1521
3033,1522
3034,1522
3035,1522
3036,1523
3037,1523
3038,1524
3039,1524
3040,1524
3041,1525
3042,1525
3043,1526
3044,1527
3045,1528
3046,1528
3047,1529
3048,1530
3049,1530
3050,1530
3051,1531
3052,1531
3053,1531
3054,1532
3055,1532
3056,1532
3057,1533
3058,1533
3059,1533
3060,1534
3061,1534
3062,1535
3063,1535
3064,1535
3065,1536
3066,1537
3067,1537
3068,1537
3069,1538
3070,1538
3071,1538
3072,1539
3073,1539
3074,1540
3075,1540
3076,1541
3077,1542
3078,1542
3079,1543
3080,1543
3081,1543
3082,1544
3083,1545
3084,1545
3085,1546
3086,1546
3087,1547
3088,1547
3089,1547
3090,1548
3091,1549
3092,1549
3093,1550
3094,1550
3095,1551
3096,1551
3097,1551
3098,1552
3099,1553
3100,1554
3101,1554
3102,1555
3103,1555
3104,1556
3105,1556
3106,1557
3107,1558
3108,1558
3109,1559
3110,1560
3111,1560
3112,1561
3113,1562
3114,1562
3115,1562
3116,1563
3117,1563
3118,1564
3119,1564
3120,1565
3121,1565
3122,1565
3123,1566
3124,1566
3125,1566
3126,1567
3127,1567
3128,1567
3129,1568
3130,1568
3131,1569
3132,1569
3133,1570
3134,1571
3135,1572
3136,1573
3137,1573
3138,1574
3139,1574
3140,1574
3141,1575
3142,1575
3143,1576
3144,1577
3145,1577
3146,1577
3147,1578
3148,1578
3149,1579
3150,1579
3151,1579
3152,1580
3153,1580
3154,1581
3155,1582
3156,1582
3157,1583
3158,1584
3159,1584
3160,1584
3161,1585
3162,1585
3163,1586
3164,1587
3165,1587
3166,1587
3167,1588
3168,1588
3169,1589
3170,1590
3171,1591
3172,1592
3173,1592
3174,1593
3175,1594
3176,1595
3177,1596
3178,1596
3179,1597
3180,1598
3181,1598
3182,1598
3183,1599
3184,1599
3185,1600
3186,1600
3187,1600
3188,1601
3189,1602
3190,1602
3191,1603
3192,1604
3193,1605
3194,1605
3195,1605
3196,1606
3197,1607
3198,1607
3199,1608
3200,1608
3201,1609
3202,1609
3203,1610
3204,1611
3205,1611
3206,1611
3207,1612
3208,1612
3209,1612
3210,1613
3211,1614
3212,1614
3213,1614
3214,1615
3215,1616
3216,1616
3217,1616
3218,1617
3219,1618
3220,1619
3221,1620
3222,1621
3223,1622
3224,1622
3225,1623
3226,1624
3227,1624
3228,1624
3229,1625
3230,1625
3231,1625
3232,1626
3233,1626
3234,1626
3235,1627
3236,1627
3237,1628
3238,1628
3239,1628
3240,1629
3241,1630
3242,1630
3243,1630
3244,1631
3245,1632
3246,1632
3247,1633
3248,1633
3249,1633
3250,1634
3251,1634
3252,1634
3253,1635
3254,1635
3255,1635
3256,1636
3257,1636
3258,1636
3259,1637
3260,1637
3261,1638
3262,1638
3263,1638
3264,1639
3265,1640
3266,1640
3267,1641
3268,1641
3269,1641
3270,1642
3271,1643
3272,1643
3273,1644
3274,1645
3275,1645
3276,1645
3277,1646
3278,1646
3279,1647
3280,1648
3281,1648
3282,1648
3283,1649
3284,1649
3285,1650
3286,1651
3287,1651
3288,1651
3289,1652
3290,1652
3291,1652
3292,1653
3293,1653
3294,1654
3295,1654
3296,1655
3297,1655
3298,1656
3299,1656
3300,1656
3301,1657
3302,1657
3303,1657
3304,1658
3305,1659
3306,1660
3307,1660
3308,1661
3309,1661
3310,1662
3311,1662
3312,1663
3313,1663
3314,1664
3315,1664
3316,1664
3317,1665
3318,1666
3319,1666
3320,1667
3321,1667
3322,1667
3323,1668
3324,1668
3325,1669
3326,1670
3327,1670
3328,1670
3329,1671
3330,1671
3331,1671
3332,1672
3333,1672
3334,1673
3335,1673
3336,1674
3337,1674
3338,1674
3339,1675
3340,1676
3341,1677
3342,1677
3343,1677
3344,1678
3345,1678
3346,1679
3347,1679
3348,1679
3349,1680
3350,1680
3351,1681
3352,1682
3353,1682
3354,1683
3355,1684
3356,1685
3357,1685
3358,1685
3359,1686
3360,1686
3361,1687
3362,1687
3363,1687
3364,1688
3365,1689
3366,1689
3367,1690
3368,1690
3369,1691
3370,1691
3371,1692
3372,1692
3373,1693
3374,1694
3375,1694
3376,1695
3377,1695
3378,1695
3379,1696
3380,1696
3381,1696
3382,1697
3383,1698
3384,1699
3385,1699
3386,1699
3387,1700
3388,1700
3389,1701
3390,1701
3391,1701
3392,1702
3393,1702
3394,1703
3395,1704
3396,1704
3397,1704
3398,1705
3399,1705
3400,1705
3401,1706
3402,1707
3403,1707
3404,1707
3405,1708
3406,1708
3407,1708
3408,1709
3409,1710
3410,1711
3411,1712
3412,1713
3413,1713
3414,1714
3415,1714
3416,1714
3417,1715
3418,1715
3419,1716
3420,1716
3421,1716
3422,1717
3423,1717
3424,1718
3425,1718
3426,1718
3427,1719
3428,1719
3429,1720
3430,1720
3431,1720
3432,1721
3433,1722
3434,1722
3435,1722
3436,1723
3437,1724
3438,1725
3439,1725
3440,1725
3441,1726
3442,1726
3443,1727
3444,1727
3445,1728
3446,1729
3447,1730
3448,1731
3449,1731
3450,1732
3451,1733
3452,1733
3453,1734
3454,1735
3455,1735
3456,1735
3457,1736
3458,1736
3459,1736
3460,1737
3461,1737
3462,1738
3463,1739
3464,1740
3465,1741
3466,1742
3467,1742
3468,1743
3469,1743
3470,1744
3471,1744
3472,1744
3473,1745
3474,1746
3475,1747
3476,1747
3477,1748
3478,1748
3479,1748
3480,1749
3481,1750
3482,1750
3483,1750
3484,1751
3485,1751
3486,1751
3487,1752
3488,1753
3489,1754
3490,1754
3491,1755
3492,1755
3493,1755
3494,1756
3495,1756
3496,1756
3497,1757
3498,1757
3499,1757
3500,1758
3501,1758
3502,1759
3503,1759
3504,1760
3505,1760
3506,1760
3507,1761
3508,1761
3509,1762
3510,1762
3511,1763
3512,1764
3513,1765
3514,1766
3515,1767
3516,1767
3517,1768
3518,1768
3519,1768
3520,1769
3521,1769
3522,1769
3523,1770
3524,1771
3525,1771
3526,1772
3527,1772
3528,1773
3529,1774
3530,1774
3531,1774
3532,1775
3533,1775
3534,1776
3535,1776
3536,1777
3537,1778
3538,1779
3539,1779
3540,1780
3541,1780
3542,1780
3543,1781
3544,1781
3545,1781
3546,1782
3547,1783
3548,1783
3549,1784
3550,1784
3551,1785
3552,1785
3553,1785
3554,1786
3555,1786
3556,1786
3557,1787
3558,1787
3559,1788
3560,1788
3561,1789
3562,1789
3563,1790
3564,1791
3565,1791
3566,1791
3567,1792
3568,1792
3569,1793
3570,1793
3571,1794
3572,1794
3573,1794
3574,1795
3575,1796
3576,1797
3577,1797
3578,1798
3579,1798
3580,1799
3581,1800
3582,1800
3583,1800
3584,1801
3585,1801
3586,1801
3587,1802
3588,1803
3589,1803
3590,1804
3591,1804
3592,1804
3593,1805
3594,1805
3595,1805
3596,1806
3597,1807
3598,1808
3599,1809
3600,1810
3601,1811
3602,1811
3603,1811
3604,1812
3605,1812
3606,1813
3607,1813
3608,1813
3609,1814
3610,1814
3611,1814
3612,1815
3613,1816
3614,1816
3615,1817
3616,1817
3617,1817
3618,1818
3619,1818
3620,1819
3621,1819
3622,1819
3623,1820
3624,1820
3625,1820
3626,1821
3627,1821
3628,1821
3629,1822
3630,1823
3631,1824
3632,1825
3633,1826
3634,1826
3635,1826
3636,1827
3637,1827
3638,1828
3639,1829
3640,1829
3641,1830
3642,1830
3643,1830
3644,1831
3645,1832
3646,1832
3647,1833
3648,1833
3649,1833
3650,1834
3651,1835
3652,1835
3653,1836
3654,1836
3655,1836
3656,1837
3657,1837
3658,1838
3659,1838
3660,1838
3661,1839
3662,1840
3663,1841
3664,1841
3665,1841
3666,1842
3667,1842
3668,1842
3669,1843
3670,1844
3671,1844
3672,1845
3673,1846
3674,1846
3675,1847
3676,1848
3677,1848
3678,1848
3679,1849
3680,1849
3681,1850
3682,1850
3683,1850
3684,1851
3685,1851
3686,1851
3687,1852
3688,1853
3689,1853
3690,1853
3691,1854
3692,1854
3693,1855
3694,1855
3695,1855
3696,1856
3697,1856
3698,1857
3699,1857
3700,1858
3701,1858
3702,1859
3703,1859
3704,1860
3705,1860
3706,1861
3707,1861
3708,1861
3709,1862
3710,1862
3711,1862
3712,1863
3713,1863
3714,1863
3715,1864
3716,1865
3717,1865
3718,1865
3719,1866
3720,1866
3721,1867
3722,1868
3723,1868
3724,1869
3725,1869
3726,1870
3727,1870
3728,1870
3729,1871
3730,1871
3731,1871
3732,1872
3733,1872
3734,1872
3735,1873
3736,1873
3737,1874
3738,1874
3739,1874
3740,1875
3741,1876
3742,1877
3743,1877
3744,1877
3745,1878
3746,1878
3747,1878
3748,1879
3749,1879
3750,1880
3751,1880
3752,1880
3753,1881
3754,1881
3755,1881
3756,1882
3757,1883
3758,1884
3759,1884
3760,1885
3761,1886
3762,1886
3763,1887
3764,1887
3765,1887
3766,1888
3767,1888
3768,1889
3769,1890
3770,1890
3771,1890
3772,1891
3773,1891
3774,1892
3775,1893
3776,1893
3777,1894
3778,1895
3779,1895
3780,1896
3781,1896
3782,1897
3783,1897
3784,1898
3785,1898
3786,1898
3787,1899
3788,1899
3789,1900
3790,1900
3791,1900
3792,1901
3793,1901
3794,1901
3795,1902
3796,1902
3797,1903
3798,1903
3799,1904
3800,1905
3801,1906
3802,1906
3803,1907
3804,1908
3805,1908
3806,1909
3807,1909
3808,1910
3809,1910
3810,1910
3811,1911
3812,1911
3813,1912
3814,1912
3815,1912
3816,1913
3817,1913
3818,1914
3819,1914
3820,1914
3821,1915
3822,1916
3823,1916
3824,1917
3825,1917
3826,1918
3827,1918
3828,1919
3829,1919
3830,1919
3831,1920
3832,1920
3833,1921
3834,1921
3835,1921
3836,1922
3837,1923
3838,1923
3839,1924
3840,1924
3841,1925
3842,1925
3843,1926
3844,1926
3845,1927
3846,1927
3847,1927
3848,1928
3849,1929
3850,1929
3851,1929
3852,1930
3853,1930
3854,1930
3855,1931
3856,1932
3857,1932
3858,1932
3859,1933
3860,1934
3861,1934
3862,1934
3863,1935
3864,1935
3865,1935
3866,1936
3867,1936
3868,1937
3869,1938
3870,1939
3871,1939
3872,1940
3873,1940
3874,1940
3875,1941
3876,1942
3877,1942
3878,1942
3879,1943
3880,1943
3881,1943
3882,1944
3883,1945
3884,1946
3885,1947
3886,1947
3887,1948
3888,1948
3889,1949
3890,1950
3891,1950
3892,1951
3893,1952
3894,1952
3895,1953
3896,1954
3897,1955
3898,1955
3899,1955
3900,1956
3901,1956
3902,1957
3903,1957
3904,1958
3905,1958
3906,1958
3907,1959
3908,1960
3909,1960
3910,1961
3911,1961
3912,1962
3913,1962
3914,1963
3915,1963
3916,1963
3917,1964
3918,1965
3919,1965
3920,1965
3921,1966
3922,1967
3923,1967
3924,1967
3925,1968
3926,1968
3927,1968
3928,1969
3929,1970
3930,1971
3931,1972
3932,1973
3933,1974
3934,1975
3935,1976
3936,1976
3937,1976
3938,1977
3939,1977
3940,1978
3941,1979
3942,1979
3943,1980
3944,1980
3945,1981
3946,1981
3947,1981
3948,1982
3949,1983
3950,1983
3951,1983
3952,1984
3953,1985
3954,1985
3955,1986
3956,1986
3957,1986
3958,1987
3959,1988
3960,1988
3961,1989
3962,1990
3963,1990
3964,1991
3965,1991
3966,1992
3967,1992
3968,1992
3969,1993
3970,1994
3971,1994
3972,1995
3973,1995
3974,1996
3975,1997
3976,1997
3977,1997
3978,1998
3979,1999
3980,2000
3981,2000
3982,2001
3983,2001
3984,2002
3985,2002
3986,2002
3987,2003
3988,2003
3989,2003
3990,2004
3991,2004
3992,2004
3993,2005
3994,2006
3995,2006
3996,2007
3997,2007
3998,2007
3999,2008
4000,2008
4001,2008
4002,2009
4003,2009
4004,2010
4005,2010
4006,2011
4007,2011
4008,2011
4009,2012
4010,2012
4011,2012
4012,2013
4013,2013
4014,2013
4015,2014
4016,2014
4017,2014
4018,2015
4019,2015
4020,2016
4021,2017
4022,2018
4023,2019
4024,2020
4025,2020
4026,2020
4027,2021
4028,2021
4029,2021
4030,2022
4031,2023
4032,2023
4033,2024
4034,2024
4035,2025
4036,2026
4037,2027
4038,2027
4039,2028
4040,2029
4041,2029
4042,2029
4043,2030
4044,2030
4045,2031
4046,2031
4047,2031
4048,2032
4049,2032
4050,2033
4051,2033
4052,2034
4053,2034
4054,2034
4055,2035
4056,2036
4057,2036
4058,2036
4059,2037
4060,2037
4061,2037
4062,2038
4063,2039
4064,2039
4065,2040
4066,2040
4067,2041
4068,2041
4069,2041
4070,2042
4071,2042
4072,2042
4073,2043
4074,2043
4075,2043
4076,2044
4077,2044
4078,2045
4079,2046
4080,2046
4081,2046
4082,2047
4083,2047
4084,2047
4085,2048
4086,2048
4087,2049
4088,2049
4089,2050
4090,2050
4091,2051
4092,2051
4093,2051
4094,2052
4095,2053
4096,2053
4097,2053
4098,2054
4099,2055
4100,2055
4101,2055
4102,2056
4103,2056
4104,2057
4105,2057
4106,2057
4107,2058
4108,2059
4109,2059
4110,2060
4111,2061
4112,2061
4113,2062
4114,2062
4115,2062
4116,2063
4117,2063
4118,2063
4119,2064
4120,2064
4121,2064
4122,2065
4123,2065
4124,2066
4125,2066
4126,2067
4127,2068
4128,2068
4129,2069
4130,2070
4131,2070
4132,2071
4133,2072
4134,2073
4135,2073
4136,2074
4137,2075
4138,2075
4139,2076
4140,2077
4141,2078
4142,2078
4143,2078
4144,2079
4145,2079
4146,2080
4147,2081
4148,2081
4149,2082
4150,2082
4151,2082
4152,2083
4153,2083
4154,2083
4155,2084
4156,2084
4157,2085
4158,2085
4159,2086
4160,2086
4161,2087
4162,2088
4163,2088
4164,2088
4165,2089
4166,2089
4167,2090
4168,2091
4169,2091
4170,2091
4171,2092
4172,2093
4173,2094
4174,2094
4175,2094
4176,2095
4177,2096
4178,2097
4179,2097
4180,2097
4181,2098
4182,2098
4183,2099
4184,2099
4185,2099
4186,2100
4187,2100
4188,2101
4189,2102
4190,2103
4191,2103
4192,2104
4193,2105
4194,2106
4195,2106
4196,2107
4197,2107
4198,2107
4199,2108
4200,2108
4201,2108
4202,2109
4203,2109
4204,2110
4205,2110
4206,2111
4207,2112
4208,2112
4209,2113
4210,2113
4211,2114
4212,2115
4213,2116
4214,2116
4215,2117
4216,2117
4217,2118
4218,2119
4219,2119
4220,2120
4221,2120
4222,2120
4223,2121
4224,2121
4225,2122
4226,2123
4227,2123
4228,2123
4229,2124
4230,2124
4231,2125
4232,2125
4233,2125
4234,2126
4235,2126
4236,2127
4237,2128
4238,2129
4239,2129
4240,2130
4241,2130
4242,2131
4243,2131
4244,2131
4245,2132
4246,2132
4247,2132
4248,2133
4249,2134
4250,2134
4251,2134
4252,2135
4253,2136
4254,2136
4255,2137
4256,2138
4257,2138
4258,2139
4259,2139
4260,2139
4261,2140
4262,2140
4263,2141
4264,2141
4265,2142
4266,2143
4267,2143
4268,2143
4269,2144
4270,2144
4271,2144
4272,2145
4273,2146
4274,2146
4275,2146
4276,2147
4277,2147
4278,2148
4279,2149
4280,2150
4281,2150
4282,2150
4283,2151
4284,2151
4285,2151
4286,2152
4287,2153
4288,2154
4289,2154
4290,2154
4291,2155
4292,2155
4293,2156
4294,2156
4295,2156
4296,2157
4297,2157
4298,2157
4299,2158
4300,2158
4301,2158
4302,2159
4303,2159
4304,2160
4305,2160
4306,2161
4307,2161
4308,2162
4309,2162
4310,2162
4311,2163
4312,2164
4313,2164
4314,2165
4315,2166
4316,2167
4317,2167
4318,2168
4319,2168
4320,2168
4321,2169
4322,2169
4323,2170
4324,2171
4325,2171
4326,2172
4327,2173
4328,2173
4329,2174
4330,2174
4331,2174
4332,2175
4333,2175
4334,2175
4335,2176
4336,2176
4337,2176
4338,2177
4339,2177
4340,2178
4341,2178
4342,2179
4343,2180
4344,2180
4345,2180
4346,2181
4347,2182
4348,2182
4349,2183
4350,2183
4351,2183
4352,2184
4353,2185
4354,2186
4355,2186
4356,2186
4357,2187
4358,2187
4359,2188
4360,2188
4361,2189
4362,2190
4363,2191
4364,2191
4365,2191
4366,2192
4367,2192
4368,2192
4369,2193
4370,2194
4371,2195
4372,2196
4373,2197
4374,2197
4375,2198
4376,2198
4377,2199
4378,2199
4379,2200
4380,2201
4381,2202
4382,2203
4383,2203
4384,2204
4385,2205
4386,2206
4387,2206
4388,2207
4389,2208
4390,2209
4391,2209
4392,2209
4393,2210
4394,2210
4395,2210
4396,2211
4397,2211
4398,2211
4399,2212
4400,2213
4401,2214
4402,2214
4403,2214
4404,2215
4405,2216
4406,2217
4407,2217
4408,2218
4409,2218
4410,2219
4411,2219
4412,2220
4413,2220
4414,2220
4415,2221
4416,2221
4417,2221
4418,2222
4419,2222
4420,2223
4421,2223
4422,2223
4423,2224
4424,2224
4425,2224
4426,2225
4427,2225
4428,2226
4429,2226
4430,2227
4431,2228
4432,2228
4433,2229
4434,2229
4435,2230
4436,2230
4437,2230
4438,2231
4439,2231
4440,2232
4441,2233
4442,2233
4443,2234
4444,2235
4445,2235
4446,2235
4447,2236
4448,2236
4449,2237
4450,2238
4451,2239
4452,2239
4453,2239
4454,2240
4455,2240
4456,2240
4457,2241
4458,2241
4459,2242
4460,2242
4461,2243
4462,2244
4463,2244
4464,2244
4465,2245
4466,2246
4467,2246
4468,2247
4469,2248
4470,2248
4471,2248
4472,2249
4473,2250
4474,2251
4475,2251
4476,2251
4477,2252
4478,2252
4479,2252
4480,2253
4481,2253
4482,2254
4483,2254
4484,2254
4485,2255
4486,2255
4487,2256
4488,2257
4489,2258
4490,2258
4491,2258
4492,2259
4493,2259
4494,2260
4495,2260
4496,2261
4497,2262
4498,2263
4499,2263
4500,2263
4501,2264
4502,2265
4503,2265
4504,2265
4505,2266
4506,2266
4507,2267
4508,2267
4509,2268
4510,2268
4511,2268
4512,2269
4513,2269
4514,2270
4515,2270
4516,2270
4517,2271
4518,2271
4519,2271
4520,2272
4521,2272
4522,2272
4523,2273
4524,2273
4525,2273
4526,2274
4527,2274
4528,2274
4529,2275
4530,2275
4531,2276
4532,2276
4533,2277
4534,2277
4535,2277
4536,2278
4537,2278
4538,2278
4539,2279
4540,2280
4541,2280
4542,2281
4543,2282
4544,2283
4545,2283
4546,2284
4547,2284
4548,2285
4549,2286
4550,2286
4551,2287
4552,2288
4553,2288
4554,2289
4555,2290
4556,2290
4557,2290
4558,2291
4559,2291
4560,2291
4561,2292
4562,2293
4563,2294
4564,2294
4565,2294
4566,2295
4567,2295
4568,2295
4569,2296
4570,2296
4571,2297
4572,2297
4573,2297
4574,2298
4575,2298
