"ID_PACIENTA","ROD_CISLO","ID_POISTENCA","ID_TYPU_KRVNEJ_SKUPINY"
785,"575709/4420",785,5
786,"880223/1427",786,5
787,"945318/9581",787,2
788,"920209/5870",788,5
789,"675404/3582",789,1
790,"990414/0664",790,3
791,"875309/6022",791,7
792,"580503/0924",792,5
793,"615525/5403",793,1
794,"950621/6709",794,2
795,"855806/5560",795,5
796,"750525/2271",796,3
797,"745304/3873",797,2
798,"740323/3156",798,2
799,"615611/7418",799,2
800,"990108/5447",800,5
801,"655512/4983",801,2
802,"890724/8856",802,2
803,"625817/2646",803,7
804,"660618/5927",804,4
805,"795526/1655",805,2
806,"580317/1583",806,6
807,"755320/9730",807,2
808,"640416/2556",808,7
809,"895113/7921",809,8
810,"930610/0837",810,4
811,"805221/5501",811,7
812,"930514/1197",812,3
813,"565618/6349",813,1
814,"600603/4408",814,6
815,"905116/3187",815,3
816,"930417/3593",816,7
817,"955320/2615",817,3
818,"970427/1907",818,3
819,"945705/8985",819,8
820,"990608/7378",820,5
821,"905124/7337",821,4
822,"770619/0283",822,2
823,"665313/6688",823,7
824,"950505/1952",824,5
825,"685127/5343",825,8
826,"610504/6464",826,5
827,"955501/4128",827,6
828,"550625/1652",828,7
829,"585819/8016",829,7
830,"980314/6958",830,6
831,"855818/2303",831,6
832,"730804/0806",832,3
833,"785604/0786",833,6
834,"830121/9476",834,6
835,"655310/1170",835,7
836,"910403/4621",836,5
837,"995510/5072",837,3
838,"660324/2415",838,2
839,"935808/3196",839,3
840,"650120/4292",840,1
841,"685521/9228",841,8
842,"570319/6147",842,5
843,"995310/6306",843,6
844,"610506/8959",844,8
845,"875103/4644",845,7
846,"780611/1225",846,2
847,"945521/6958",847,8
848,"600427/8445",848,4
849,"755514/0395",849,7
850,"890407/8755",850,5
851,"565103/5401",851,4
852,"750716/8108",852,1
853,"735705/0261",853,6
854,"810804/0226",854,5
855,"655626/2812",855,3
856,"770109/7646",856,3
857,"585126/5574",857,7
858,"680602/8493",858,8
859,"765116/8261",859,7
860,"680503/7063",860,4
861,"855306/6005",861,5
862,"760703/3654",862,8
863,"995304/3804",863,1
864,"980520/8479",864,4
865,"915503/6242",865,2
866,"590518/5660",866,6
867,"795524/4341",867,1
868,"590513/9339",868,3
869,"945608/5441",869,1
870,"620117/7246",870,3
871,"555320/8067",871,7
872,"760620/3803",872,8
873,"835303/0906",873,1
874,"720616/6088",874,2
875,"955427/5192",875,5
876,"900322/2008",876,3
877,"715312/2361",877,2
878,"550509/4397",878,7
879,"775322/2961",879,5
880,"950121/4657",880,3
881,"965413/1487",881,2
882,"780126/1226",882,8
883,"675118/8730",883,5
884,"800607/4274",884,7
885,"625319/7500",885,2
886,"590411/0784",886,8
887,"845210/6476",887,2
888,"590521/0960",888,2
889,"915109/2698",889,3
890,"930704/1183",890,6
891,"695612/9587",891,1
892,"580302/8902",892,4
893,"595716/2486",893,1
894,"770827/8028",894,5
895,"615808/8156",895,6
896,"830323/7668",896,6
897,"915302/5376",897,3
898,"650513/8211",898,5
899,"775312/4830",899,3
900,"920217/3563",900,1
901,"915726/2455",901,6
902,"740303/0976",902,6
903,"985824/5639",903,5
904,"880818/4627",904,8
905,"975621/8736",905,4
906,"680609/2029",906,7
907,"635723/7205",907,7
908,"710315/3255",908,2
909,"935426/7197",909,4
910,"940821/3694",910,5
911,"595720/0733",911,7
912,"900710/3974",912,2
913,"705302/5375",913,7
914,"680713/9328",914,2
915,"585409/8954",915,1
916,"940716/3711",916,4
917,"595411/3000",917,7
918,"880718/6696",918,8
919,"695410/2243",919,2
920,"790321/9808",920,5
921,"635419/0590",921,5
922,"580818/2369",922,6
923,"985116/9647",923,5
924,"820502/2584",924,2
925,"755722/6204",925,1
926,"690325/7922",926,5
927,"925412/1503",927,3
928,"750505/0993",928,3
929,"795414/6948",929,7
930,"990404/4238",930,5
931,"555605/5483",931,8
932,"910406/9689",932,3
933,"815827/0461",933,7
934,"740602/6903",934,8
935,"765306/7884",935,6
936,"850722/9676",936,7
937,"815622/1524",937,4
938,"590808/6899",938,3
939,"575827/1398",939,5
940,"830118/6531",940,8
941,"625302/8617",941,3
942,"580722/0914",942,4
943,"715426/4205",943,7
944,"690327/5126",944,2
945,"695514/0918",945,2
946,"580305/6732",946,2
947,"855313/2775",947,2
948,"600504/2417",948,6
949,"685524/1327",949,6
950,"900623/4380",950,1
951,"825812/7515",951,2
952,"760811/2006",952,3
953,"605708/4264",953,6
954,"680123/1305",954,3
955,"835714/9570",955,3
956,"690302/3347",956,6
957,"595514/5031",957,2
958,"830718/1872",958,4
959,"835317/8053",959,4
960,"880122/9690",960,6
961,"555713/9192",961,4
962,"590301/7593",962,4
963,"985421/4084",963,5
964,"730615/0104",964,5
965,"635306/8788",965,6
966,"600624/5696",966,2
967,"855121/4749",967,1
968,"580312/0015",968,1
969,"715812/8967",969,8
970,"610104/1100",970,3
971,"695113/5455",971,1
972,"640318/7241",972,4
973,"705824/0145",973,1
974,"990827/3540",974,3
975,"585117/5440",975,3
976,"550305/3941",976,6
977,"565119/8223",977,5
978,"550519/1879",978,3
979,"585320/8493",979,4
980,"760124/9590",980,5
981,"735320/3187",981,5
982,"690321/3295",982,7
983,"815622/5385",983,5
984,"980512/4879",984,5
985,"675302/4608",985,6
986,"980307/6591",986,8
987,"885122/6329",987,8
988,"890316/6624",988,4
989,"585319/3577",989,6
990,"910615/7291",990,6
991,"985316/5949",991,7
992,"960514/9202",992,2
993,"885301/8515",993,2
994,"660617/2199",994,2
995,"695806/7666",995,6
996,"750625/8518",996,4
997,"675727/1081",997,5
998,"640220/8780",998,3
999,"775301/7921",999,2
1000,"910315/7690",1000,2
1001,"825602/4942",1001,6
1002,"670619/2295",1002,5
1003,"945825/8700",1003,4
1004,"950517/5779",1004,4
1005,"605823/2543",1005,8
1006,"850310/3697",1006,2
1007,"975502/4433",1007,3
1008,"980324/7872",1008,6
1009,"975325/6337",1009,2
1010,"730327/5826",1010,6
1011,"975421/4426",1011,5
1012,"920108/5278",1012,3
1013,"625405/1232",1013,1
1014,"740322/1232",1014,4
1015,"755309/2228",1015,6
1016,"980422/4551",1016,7
1017,"585103/2286",1017,3
1018,"620526/0061",1018,3
1019,"875313/1508",1019,3
1020,"790310/1195",1020,8
1021,"875105/6204",1021,2
1022,"980511/2812",1022,7
1023,"595422/7719",1023,3
1024,"870623/6715",1024,5
1025,"895117/3231",1025,7
1026,"860502/3504",1026,5
1027,"895307/2733",1027,4
1028,"810725/0305",1028,4
1029,"855701/1639",1029,3
1030,"550619/3352",1030,5
1031,"765722/6786",1031,3
1032,"940304/6708",1032,7
1033,"605303/8937",1033,6
1034,"790519/4418",1034,7
1035,"595605/3169",1035,3
1036,"660326/4723",1036,6
1037,"695810/5044",1037,4
1038,"680302/1577",1038,3
1039,"965811/2563",1039,3
1040,"670114/6111",1040,5
1041,"695323/4134",1041,2
1042,"770326/9244",1042,3
1043,"865308/1206",1043,2
1044,"800725/5058",1044,7
1045,"995814/8794",1045,3
1046,"800713/8051",1046,4
1047,"685113/0726",1047,7
1048,"640306/2292",1048,6
1049,"905721/0437",1049,3
1050,"840523/2638",1050,5
1051,"705709/0150",1051,1
1052,"880501/0456",1052,5
1053,"555618/9441",1053,3
1054,"670825/5026",1054,5
1055,"855101/1832",1055,3
1056,"990304/5977",1056,3
1057,"985311/5283",1057,3
1058,"660719/7344",1058,1
1059,"745808/2247",1059,4
1060,"570103/7958",1060,7
1061,"705419/1056",1061,1
1062,"780404/6800",1062,8
1063,"775820/3497",1063,7
1064,"940518/0686",1064,3
1065,"575324/7874",1065,7
1066,"780709/2689",1066,6
1067,"555115/5324",1067,4
1068,"630506/8264",1068,2
1069,"625322/3977",1069,6
1070,"790508/9291",1070,7
1071,"975523/2256",1071,5
1072,"920323/8869",1072,3
1073,"605125/4352",1073,1
1074,"840120/8882",1074,6
1075,"755417/6949",1075,4
1076,"960720/6103",1076,4
1077,"565226/8512",1077,5
1078,"990324/8839",1078,5
1079,"625516/2441",1079,7
1080,"630608/2079",1080,4
1081,"955102/9059",1081,4
1082,"580818/1841",1082,2
1083,"675522/5059",1083,3
1084,"750126/7884",1084,8
1085,"605606/2034",1085,4
1086,"890415/6162",1086,6
1087,"685402/3176",1087,2
1088,"790509/2833",1088,6
1089,"635411/6032",1089,1
1090,"950817/9956",1090,7
1091,"675311/6436",1091,5
1092,"940620/7481",1092,6
1093,"965109/0427",1093,8
1094,"820104/2036",1094,5
1095,"615302/6506",1095,1
1096,"920410/4723",1096,7
1097,"875704/1436",1097,3
1098,"760717/5851",1098,3
1099,"725302/3184",1099,4
1100,"750304/8784",1100,3
1101,"575307/4514",1101,8
1102,"640718/3255",1102,5
1103,"755125/3776",1103,4
1104,"890811/9308",1104,4
1105,"585523/8268",1105,7
1106,"850307/0301",1106,6
1107,"825605/5181",1107,3
1108,"840724/3867",1108,2
1109,"715712/1719",1109,7
1110,"900425/4479",1110,8
1111,"895716/2291",1111,3
1112,"830305/4903",1112,2
1113,"985415/7808",1113,4
1114,"870518/6831",1114,2
1115,"785506/6659",1115,8
1116,"660613/0333",1116,3
1117,"665512/6060",1117,7
1118,"710825/0094",1118,6
1119,"735824/2903",1119,7
1120,"810425/6974",1120,6
1121,"555315/8732",1121,4
1122,"940409/0102",1122,6
1123,"725218/2542",1123,3
1124,"820811/2605",1124,7
1125,"815403/4790",1125,3
1126,"630419/8725",1126,4
1127,"705315/8035",1127,4
1128,"720827/9848",1128,4
1129,"995727/8441",1129,3
1130,"970314/7278",1130,3
1131,"555319/2436",1131,1
1132,"670516/8547",1132,3
1133,"865506/3769",1133,1
1134,"710314/0198",1134,5
1135,"615625/4181",1135,2
1136,"620517/5218",1136,7
1137,"995312/4500",1137,5
1138,"930113/0388",1138,3
1139,"905312/0395",1139,4
1140,"910501/1894",1140,7
1141,"975703/1152",1141,5
1142,"770310/8248",1142,8
1143,"765206/4585",1143,6
1144,"880619/1944",1144,3
1145,"755507/6562",1145,6
1146,"850516/0950",1146,8
1147,"905621/5509",1147,2
1148,"780619/6640",1148,2
1149,"605202/9236",1149,5
1150,"740325/0954",1150,4
1151,"685811/1689",1151,4
1152,"740624/8487",1152,3
1153,"785612/0503",1153,1
1154,"860820/4077",1154,6
1155,"895605/7528",1155,1
1156,"820409/2182",1156,3
1157,"745301/3524",1157,5
1158,"720603/1657",1158,8
1159,"895719/1969",1159,6
1160,"670620/2085",1160,7
1161,"645523/8361",1161,7
1162,"720806/6085",1162,5
1163,"785609/3080",1163,4
1164,"920527/7620",1164,4
1165,"835303/9145",1165,8
1166,"890308/7622",1166,4
1167,"995608/3137",1167,8
1168,"930810/6423",1168,6
1169,"935303/3118",1169,6
1170,"670512/7330",1170,2
1171,"645818/4425",1171,3
1172,"660724/5964",1172,5
1173,"865320/6650",1173,6
1174,"680201/2283",1174,4
1175,"575823/8354",1175,6
1176,"690603/9437",1176,4
1177,"765720/2366",1177,8
1178,"850609/3442",1178,3
1179,"555827/6240",1179,4
1180,"760416/8055",1180,1
1181,"795308/8539",1181,5
1182,"710315/9085",1182,8
1183,"655403/2254",1183,7
1184,"590408/2415",1184,7
1185,"855609/2061",1185,4
1186,"970110/2246",1186,2
1187,"835614/2696",1187,2
1188,"700707/0136",1188,8
1189,"565217/8950",1189,3
1190,"640327/9531",1190,7
1191,"935825/7832",1191,4
1192,"640125/9194",1192,1
1193,"935309/7270",1193,6
1194,"560705/7588",1194,8
1195,"635307/9458",1195,5
1196,"770514/8429",1196,5
1197,"625818/1721",1197,7
1198,"580127/3533",1198,6
1199,"565326/4694",1199,4
1200,"950315/6718",1200,6
1201,"985309/9025",1201,7
1202,"560723/1751",1202,6
1203,"895808/5587",1203,3
1204,"580102/9014",1204,7
1205,"965624/6325",1205,2
1206,"660308/7293",1206,8
1207,"895819/5191",1207,5
1208,"600521/5689",1208,2
1209,"945806/6805",1209,4
1210,"940326/2220",1210,5
1211,"585112/0209",1211,2
1212,"840615/0500",1212,2
1213,"965824/0658",1213,5
1214,"630620/8920",1214,7
1215,"785125/8712",1215,6
1216,"910715/6916",1216,4
1217,"665819/6842",1217,3
1218,"920610/6932",1218,2
1219,"555320/4481",1219,5
1220,"870319/0760",1220,8
1221,"785407/7792",1221,4
1222,"800604/3320",1222,5
1223,"755713/1538",1223,4
1224,"640701/7639",1224,4
1225,"845826/1647",1225,2
1226,"930101/6813",1226,4
1227,"705723/1687",1227,7
1228,"670525/3852",1228,2
1229,"565813/2194",1229,3
1230,"980511/2482",1230,4
1231,"645313/9451",1231,5
1232,"900527/6995",1232,7
1233,"785511/7589",1233,8
1234,"760514/2358",1234,4
1235,"715817/0536",1235,6
1236,"810701/4795",1236,4
1237,"675327/4946",1237,6
1238,"890526/3048",1238,8
1239,"605104/9719",1239,7
1240,"670502/9276",1240,5
1241,"805713/8694",1241,7
1242,"950812/2316",1242,3
1243,"845203/5856",1243,7
1244,"560713/4731",1244,3
1245,"745318/9502",1245,7
1246,"600524/8788",1246,8
1247,"775326/1824",1247,4
1248,"930827/9123",1248,8
1249,"915504/4305",1249,1
1250,"870303/3999",1250,7
1251,"695612/7134",1251,2
1252,"990802/0991",1252,6
1253,"865802/3198",1253,2
1254,"750304/9972",1254,3
1255,"855705/1063",1255,8
1256,"640614/7308",1256,6
1257,"595625/8902",1257,6
1258,"620115/4707",1258,8
1259,"965613/0198",1259,3
1260,"710612/9800",1260,5
1261,"675327/2581",1261,6
1262,"600706/9475",1262,5
1263,"895715/3337",1263,2
1264,"740327/6749",1264,4
1265,"585814/7933",1265,8
1266,"570708/9619",1266,7
1267,"745320/8554",1267,6
1268,"710107/1857",1268,2
1269,"855618/0908",1269,7
1270,"740302/8369",1270,3
1271,"775408/2413",1271,4
1272,"630303/5255",1272,8
1273,"705822/4613",1273,5
1274,"840304/5970",1274,8
1275,"855420/6353",1275,5
1276,"970802/4810",1276,6
1277,"765413/4070",1277,7
1278,"760811/1038",1278,3
1279,"775103/8823",1279,5
1280,"760617/2618",1280,6
1281,"985310/5768",1281,2
1282,"910719/9189",1282,5
1283,"575401/1098",1283,7
1284,"900413/9089",1284,7
1285,"645522/0343",1285,4
1286,"570311/4582",1286,5
1287,"595420/8557",1287,2
1288,"900813/8744",1288,5
1289,"615406/2442",1289,2
1290,"820105/9603",1290,5
1291,"915403/9136",1291,7
1292,"980420/6863",1292,7
1293,"695302/1141",1293,7
1294,"700320/3207",1294,3
1295,"695119/1115",1295,2
1296,"650126/7069",1296,5
1297,"935108/1795",1297,5
1298,"830620/8482",1298,1
1299,"755721/7536",1299,4
1300,"820117/4124",1300,2
1301,"655112/1775",1301,4
1302,"700321/0995",1302,6
1,"785108/8146",1,7
2,"630309/9176",2,3
3,"875114/1278",3,3
4,"640209/0860",4,1
5,"705315/3646",5,6
6,"760312/1944",6,5
7,"785404/9962",7,8
8,"550319/7975",8,7
9,"585126/8456",9,4
10,"810620/4502",10,6
11,"705121/1805",11,5
12,"620324/1935",12,1
13,"965718/6165",13,7
14,"620802/3085",14,2
15,"815512/2338",15,7
16,"750314/3956",16,3
17,"655111/5373",17,7
18,"550827/7038",18,5
19,"765703/1536",19,8
20,"970703/1939",20,8
21,"895704/1104",21,7
22,"730321/7471",22,3
23,"725710/8133",23,2
24,"850516/3315",24,6
25,"925215/7354",25,2
26,"890602/9253",26,1
27,"705624/8298",27,4
28,"560805/2835",28,4
29,"645811/8920",29,4
30,"680224/6209",30,4
31,"565526/8300",31,2
32,"800615/8721",32,7
33,"965813/2627",33,2
34,"700116/2311",34,2
35,"715701/9408",35,7
36,"650513/2678",36,5
37,"575120/6274",37,3
38,"920226/9923",38,8
39,"875311/0300",39,5
40,"930420/3381",40,4
41,"825524/7176",41,5
42,"860818/9788",42,1
43,"945112/4331",43,2
44,"980106/2964",44,3
45,"985704/4087",45,5
46,"650110/7272",46,7
47,"815324/8917",47,4
48,"660603/7636",48,3
49,"555710/2045",49,3
50,"570827/3516",50,7
51,"895706/0354",51,8
52,"680821/0904",52,6
53,"555701/2494",53,3
54,"830316/2439",54,8
55,"905515/3624",55,3
56,"850422/1110",56,6
57,"745604/4431",57,4
58,"600602/2759",58,8
59,"855723/9372",59,4
60,"930805/6087",60,3
61,"855722/0815",61,5
62,"900521/4306",62,7
63,"865314/9505",63,7
64,"720204/0538",64,5
65,"995316/1878",65,2
66,"890813/9801",66,4
67,"925325/0083",67,6
68,"750321/0352",68,2
69,"675314/7984",69,3
70,"550419/8898",70,3
71,"575614/6187",71,3
72,"620418/5504",72,7
73,"675621/7248",73,5
74,"820106/6566",74,8
75,"805417/5294",75,4
76,"750403/9576",76,2
77,"805516/9353",77,5
78,"720322/7614",78,7
79,"865706/4207",79,2
80,"710112/6659",80,3
81,"615815/5487",81,7
82,"800225/4205",82,3
83,"635126/3479",83,7
84,"620302/6885",84,7
85,"915611/0744",85,1
86,"700622/3917",86,3
87,"835716/0306",87,3
88,"920425/7623",88,2
89,"835106/9782",89,5
90,"830712/3957",90,5
91,"665322/0167",91,5
92,"620319/3931",92,3
93,"635108/6346",93,6
94,"630611/4606",94,4
95,"845415/6843",95,4
96,"850517/7362",96,2
97,"595719/6872",97,3
98,"650110/9725",98,4
99,"775406/1854",99,3
100,"630426/2272",100,8
101,"795307/8914",101,6
102,"600704/2316",102,1
103,"665126/4323",103,7
104,"740808/6092",104,5
105,"955802/2606",105,3
106,"930813/6838",106,3
107,"975310/8618",107,7
108,"780615/0561",108,3
109,"975711/5555",109,4
110,"990812/7196",110,5
111,"785317/8938",111,2
112,"880408/3607",112,7
113,"975625/9513",113,1
114,"850605/5855",114,3
115,"615516/8437",115,4
116,"970812/7176",116,2
117,"825521/1646",117,7
118,"810606/9499",118,6
119,"865626/6311",119,6
120,"930625/0217",120,8
121,"815103/6773",121,6
122,"920204/6359",122,2
123,"635713/7974",123,5
124,"670511/5736",124,2
125,"855725/6697",125,2
126,"780720/3426",126,4
127,"745327/7293",127,2
128,"780507/6939",128,8
129,"585713/1995",129,5
130,"880112/5047",130,4
131,"815705/2310",131,4
132,"960126/9359",132,8
133,"695403/4032",133,6
134,"830608/5018",134,3
135,"915806/4509",135,8
136,"960212/5214",136,8
137,"865516/5673",137,6
138,"560322/9951",138,2
139,"715724/2114",139,4
140,"680320/0998",140,8
141,"575327/5506",141,5
142,"610311/3610",142,4
143,"675710/7170",143,4
144,"960419/5766",144,6
145,"605420/3320",145,6
146,"670302/5483",146,7
147,"615623/0674",147,4
148,"950103/7282",148,4
149,"585317/6890",149,7
150,"600721/0473",150,1
151,"915713/9464",151,7
152,"880812/0805",152,2
153,"595318/9231",153,7
154,"750315/4549",154,7
155,"945411/7244",155,4
156,"790625/8371",156,2
157,"565413/5102",157,6
158,"600616/3669",158,6
159,"695312/6455",159,8
160,"780810/4557",160,5
161,"935526/8692",161,4
162,"590115/6943",162,2
163,"565110/2468",163,8
164,"890714/7887",164,3
165,"865506/5474",165,7
166,"850306/3338",166,3
167,"665123/4821",167,5
168,"940524/6576",168,6
169,"665309/3722",169,6
170,"930603/5431",170,1
171,"665420/0058",171,1
172,"960202/2529",172,4
173,"865820/9131",173,6
174,"550412/9488",174,4
175,"655623/1198",175,4
176,"600321/7682",176,7
177,"925302/8411",177,4
178,"820505/0436",178,7
179,"875320/7408",179,6
180,"590506/4473",180,1
181,"975302/5337",181,6
182,"600507/9443",182,7
183,"555711/9678",183,5
184,"960706/4885",184,5
185,"845204/5393",185,1
186,"660618/0856",186,7
187,"625522/2567",187,4
188,"990522/9037",188,6
189,"955124/7112",189,7
190,"740307/9266",190,8
191,"585313/2032",191,7
192,"860826/5600",192,4
193,"775723/8995",193,2
194,"940611/4762",194,7
195,"625114/0555",195,8
196,"740518/6250",196,1
197,"635319/1185",197,2
198,"560113/9192",198,7
199,"755317/4519",199,2
200,"840502/5343",200,2
201,"955608/0567",201,2
202,"770324/5297",202,4
203,"715702/8175",203,4
204,"640602/8838",204,8
205,"905315/1756",205,5
206,"670314/4294",206,1
207,"555107/1977",207,5
208,"760309/4642",208,4
209,"625111/5266",209,7
210,"620801/2602",210,7
211,"905507/7196",211,8
212,"910117/7712",212,3
213,"755313/0970",213,7
214,"610416/4385",214,5
215,"555620/4885",215,3
216,"800315/4137",216,1
217,"895513/9677",217,3
218,"990311/6806",218,8
219,"675627/3953",219,2
220,"740302/7566",220,3
221,"835303/5240",221,2
222,"630611/4078",222,7
223,"575401/9799",223,8
224,"760101/8799",224,6
225,"555102/3115",225,3
226,"880316/1389",226,2
227,"895822/0271",227,7
228,"760116/5594",228,5
229,"835302/6099",229,5
230,"740725/6956",230,7
231,"775806/2972",231,5
232,"970127/3505",232,3
233,"655417/0260",233,2
234,"750312/9557",234,1
235,"595109/5304",235,6
236,"880826/2617",236,4
237,"995405/6926",237,1
238,"550815/6060",238,5
239,"615405/1871",239,7
240,"990617/1198",240,5
241,"705605/4698",241,3
242,"630626/6901",242,6
243,"905616/2918",243,5
244,"800826/7399",244,7
245,"745611/2554",245,2
246,"610311/0475",246,8
247,"575327/4109",247,2
248,"700420/6550",248,8
249,"625523/6603",249,7
250,"770114/8499",250,3
251,"985322/1444",251,2
252,"780816/9105",252,2
253,"615417/8283",253,3
254,"940821/6191",254,3
255,"775812/4330",255,6
256,"560113/7696",256,7
257,"795327/6265",257,6
258,"710721/3817",258,4
259,"885425/4453",259,2
260,"920115/0519",260,3
261,"985107/5828",261,1
262,"850806/7370",262,7
263,"755624/1946",263,2
264,"880210/2991",264,6
265,"995311/2917",265,2
266,"900418/1538",266,1
267,"775301/7536",267,8
268,"810427/7929",268,4
269,"565718/2366",269,7
270,"920212/5130",270,5
271,"935126/9224",271,3
272,"780317/9791",272,3
273,"985322/3787",273,6
274,"960327/6705",274,7
275,"875103/0079",275,3
276,"950815/2390",276,6
277,"825314/6891",277,2
278,"780108/5314",278,6
279,"815407/4533",279,8
280,"750815/4676",280,4
281,"635611/1003",281,3
282,"790313/7066",282,3
283,"845625/3498",283,8
284,"640126/9039",284,8
285,"735303/7252",285,6
286,"840315/9193",286,2
287,"955601/0178",287,4
288,"660523/0159",288,8
289,"575511/8996",289,2
290,"750322/9294",290,5
291,"695711/0369",291,5
292,"820627/5385",292,5
293,"965626/6312",293,6
294,"740518/8879",294,4
295,"555803/4647",295,5
296,"600513/8997",296,3
297,"815505/2114",297,4
298,"740110/4898",298,7
299,"715720/4923",299,3
300,"800108/2056",300,7
301,"975604/0481",301,5
302,"870507/8360",302,2
303,"935319/3245",303,5
304,"760113/1582",304,7
305,"815815/3267",305,7
306,"740413/0525",306,5
307,"625801/8074",307,2
308,"750603/8155",308,5
309,"785308/5119",309,6
310,"970627/8395",310,4
311,"965319/0437",311,6
312,"880727/6181",312,1
313,"665715/8387",313,1
314,"610824/9356",314,2
315,"565402/7192",315,3
316,"910712/6699",316,2
317,"985525/9799",317,2
318,"710417/3230",318,8
319,"705618/0681",319,5
320,"650827/2914",320,7
321,"795407/7736",321,2
322,"990419/1704",322,3
323,"795327/9664",323,3
324,"610101/7219",324,3
325,"935519/2726",325,3
326,"760701/7198",326,1
327,"855714/5773",327,3
328,"650416/6009",328,1
329,"635812/2650",329,5
330,"650408/6732",330,2
331,"695423/8929",331,3
332,"760605/0276",332,6
333,"765102/7747",333,6
334,"820323/5348",334,6
335,"815313/0381",335,7
336,"690319/8566",336,6
337,"905523/5244",337,4
338,"630520/2596",338,5
339,"735312/7089",339,2
340,"920818/0542",340,5
341,"695319/7053",341,1
342,"550106/9508",342,4
343,"895313/8590",343,5
344,"710122/6143",344,1
345,"895812/8366",345,2
346,"890823/2729",346,1
347,"675322/8471",347,4
348,"790806/3735",348,4
349,"635721/2884",349,1
350,"680709/7891",350,3
351,"615626/1584",351,6
352,"550410/3924",352,3
353,"805612/1359",353,7
354,"990506/1892",354,5
355,"695523/2416",355,3
356,"940521/2531",356,7
357,"795603/3239",357,8
358,"920608/1984",358,8
359,"775522/5808",359,8
360,"870707/2935",360,5
361,"885111/8529",361,1
362,"580614/2595",362,3
363,"925806/8204",363,5
364,"690321/2129",364,3
365,"835505/2761",365,8
366,"990624/4304",366,3
367,"975413/7261",367,6
368,"780515/1849",368,7
369,"745110/9655",369,1
370,"680115/4008",370,6
371,"935117/6483",371,3
372,"740125/8458",372,5
373,"805225/5563",373,2
374,"580815/9731",374,2
375,"765602/9315",375,6
376,"700805/5890",376,5
377,"935802/2608",377,7
378,"750620/1186",378,7
379,"965210/2020",379,6
380,"770807/3912",380,4
381,"695116/6783",381,2
382,"640304/3889",382,6
383,"735420/9522",383,7
384,"820816/4360",384,6
385,"695120/2456",385,2
386,"930505/4099",386,3
387,"995619/4435",387,2
388,"630427/3888",388,8
389,"715709/7002",389,3
390,"810415/8106",390,6
391,"965103/2633",391,1
392,"670123/5156",392,6
393,"675423/1044",393,7
394,"670803/0120",394,6
395,"635618/1546",395,4
396,"580316/9405",396,2
397,"895512/8369",397,3
398,"990604/3631",398,7
399,"885302/8657",399,5
400,"600613/4398",400,8
401,"885311/4149",401,2
402,"740804/6404",402,7
403,"895322/2916",403,7
404,"870313/4506",404,6
405,"785406/9300",405,4
406,"710707/6119",406,6
407,"745622/3280",407,4
408,"780407/6577",408,4
409,"745321/7574",409,6
410,"960526/8497",410,6
411,"785120/8398",411,3
412,"970325/6981",412,3
413,"985703/9027",413,6
414,"920815/5011",414,8
415,"885520/9539",415,7
416,"800814/9446",416,3
417,"575727/6712",417,7
418,"940406/2085",418,6
419,"805421/3266",419,4
420,"900512/0069",420,6
421,"865715/1217",421,3
422,"960805/6161",422,7
423,"655319/9884",423,5
424,"640206/5747",424,2
425,"855315/1134",425,8
426,"670309/1450",426,7
427,"605306/5535",427,3
428,"920313/3522",428,7
429,"665723/0217",429,4
430,"570827/1921",430,5
431,"575725/6395",431,1
432,"560601/9650",432,4
433,"965721/1465",433,6
434,"850826/0541",434,2
435,"615813/5324",435,6
436,"980317/1334",436,4
437,"865821/9845",437,2
438,"720324/1518",438,5
439,"835714/0143",439,5
440,"750316/8332",440,4
441,"915327/3525",441,4
442,"930327/1252",442,3
443,"635308/5178",443,8
444,"660823/9275",444,5
445,"755318/8984",445,6
446,"950826/6680",446,3
447,"605202/3857",447,7
448,"620825/0818",448,7
449,"725209/3728",449,6
450,"860605/8087",450,5
451,"745327/8679",451,2
452,"870826/3388",452,7
453,"635305/5379",453,1
454,"910417/4739",454,3
455,"945117/2324",455,2
456,"900319/7654",456,8
457,"815418/9923",457,4
458,"710617/6308",458,2
459,"675323/5302",459,3
460,"820117/6203",460,1
461,"685426/9642",461,4
462,"660708/0271",462,4
463,"885504/3989",463,8
464,"990421/2329",464,8
465,"715115/0369",465,4
466,"640324/7697",466,1
467,"935310/2352",467,2
468,"590515/6862",468,1
469,"915424/1734",469,4
470,"890306/8196",470,7
471,"615124/2878",471,7
472,"690610/8616",472,5
473,"765814/1403",473,2
474,"700411/1224",474,3
475,"975304/7007",475,7
476,"560703/8415",476,7
477,"725309/5784",477,2
478,"620614/9631",478,6
479,"585701/8233",479,6
480,"800402/1773",480,2
481,"965623/7184",481,7
482,"890117/9826",482,4
483,"635415/5346",483,7
484,"610623/0669",484,2
485,"955501/0575",485,5
486,"830402/4597",486,4
487,"775812/1745",487,6
488,"840109/2546",488,2
489,"885106/2308",489,7
490,"740515/0489",490,4
491,"995115/7370",491,6
492,"880812/5964",492,2
493,"975802/1064",493,7
494,"860120/3149",494,7
495,"825115/4538",495,4
496,"560119/3125",496,8
497,"905820/0525",497,4
498,"610807/2630",498,5
499,"855719/6571",499,5
500,"710619/8396",500,5
501,"695308/0992",501,5
502,"570713/3762",502,5
503,"575521/0483",503,3
504,"940515/0359",504,2
505,"895403/8698",505,7
506,"620526/2118",506,6
507,"625308/9733",507,5
508,"620407/0125",508,1
509,"665106/1494",509,7
510,"750702/8793",510,5
511,"945426/7581",511,3
512,"800413/6261",512,7
513,"755623/9515",513,1
514,"920622/5886",514,8
515,"925418/7162",515,6
516,"610611/2617",516,3
517,"995405/1778",517,3
518,"940122/4800",518,7
519,"785523/3672",519,6
520,"710301/2763",520,6
521,"895818/3201",521,6
522,"750719/8347",522,7
523,"565502/7763",523,4
524,"660702/9077",524,5
525,"565617/3479",525,2
526,"600303/3289",526,6
527,"705320/4455",527,2
528,"890425/9100",528,7
529,"635623/3345",529,7
530,"570411/5241",530,3
531,"765415/8864",531,4
532,"810320/8608",532,7
533,"755520/1170",533,3
534,"720725/2525",534,7
535,"675613/1888",535,4
536,"930115/0078",536,4
537,"755710/3543",537,7
538,"900316/9076",538,6
539,"635523/9561",539,7
540,"950305/2680",540,2
541,"675819/8755",541,5
542,"960821/6442",542,4
543,"595319/1244",543,1
544,"570707/1920",544,3
545,"585111/2190",545,2
546,"910821/6271",546,5
547,"615516/3256",547,2
548,"880327/7384",548,5
549,"625820/4876",549,2
550,"840823/5077",550,2
551,"905308/7153",551,3
552,"960703/6395",552,4
553,"625816/9698",553,6
554,"990313/9653",554,7
555,"945402/4943",555,2
556,"950319/1973",556,2
557,"795712/5473",557,2
558,"890319/7699",558,6
559,"845811/9164",559,8
560,"870705/5555",560,6
561,"655403/5026",561,7
562,"550312/8323",562,5
563,"795306/0060",563,3
564,"890403/7406",564,5
565,"655814/1876",565,4
566,"930807/6074",566,2
567,"965512/0475",567,2
568,"620303/2627",568,3
569,"605127/6330",569,4
570,"930721/0396",570,3
571,"645806/6835",571,4
572,"570321/3802",572,3
573,"825409/8589",573,5
574,"650819/4979",574,6
575,"805316/0588",575,6
576,"690723/5357",576,8
577,"585523/8367",577,6
578,"590417/9622",578,7
579,"905420/8867",579,7
580,"930517/5770",580,6
581,"645227/9559",581,7
582,"680212/7112",582,7
583,"785118/5914",583,4
584,"980124/4420",584,6
585,"585119/3062",585,7
586,"850416/2205",586,2
587,"965423/9947",587,4
588,"710620/5634",588,5
589,"955803/2671",589,2
590,"900318/0274",590,6
591,"875516/3747",591,1
592,"950416/6078",592,3
593,"805806/4916",593,6
594,"760601/5406",594,2
595,"985719/0728",595,5
596,"700816/0478",596,7
597,"635703/9843",597,2
598,"800602/7964",598,4
599,"985707/4414",599,3
600,"560408/7742",600,3
601,"815427/7868",601,2
602,"570312/9542",602,3
603,"775102/6437",603,1
604,"890613/9143",604,8
605,"755610/9330",605,8
606,"810807/7054",606,2
607,"745524/2564",607,3
608,"760508/8887",608,2
609,"695704/8384",609,3
610,"600723/0207",610,4
611,"615823/7646",611,6
612,"960517/4645",612,6
613,"565406/4713",613,6
614,"960812/6044",614,1
615,"915313/2505",615,6
616,"610608/0354",616,5
617,"635711/2630",617,5
618,"760822/3381",618,3
619,"645527/7774",619,8
620,"860810/2536",620,3
621,"875814/6001",621,7
622,"830309/4690",622,4
623,"985319/4098",623,1
624,"880410/2362",624,3
625,"635327/5368",625,7
626,"620426/9291",626,3
627,"675724/4384",627,2
628,"920703/6927",628,6
629,"605521/6882",629,3
630,"840824/5604",630,5
631,"805421/0538",631,2
632,"920812/3980",632,5
633,"595322/2825",633,3
634,"640608/8425",634,6
635,"625308/2957",635,7
636,"590326/2365",636,5
637,"575301/8381",637,1
638,"600403/4201",638,7
639,"985315/3244",639,8
640,"950716/4612",640,6
641,"705315/5208",641,5
642,"810716/1084",642,4
643,"785518/6933",643,6
644,"930323/0783",644,2
645,"835106/5173",645,2
646,"590314/8130",646,7
647,"925721/5781",647,5
648,"590401/2587",648,7
649,"995617/5735",649,6
650,"730512/1549",650,6
651,"865509/2798",651,4
652,"850116/7708",652,1
653,"945416/5413",653,6
654,"620522/4311",654,5
655,"855111/7652",655,7
656,"680105/0014",656,3
657,"845318/1209",657,5
658,"640701/7122",658,5
659,"565505/3481",659,6
660,"840615/7408",660,7
661,"565818/5566",661,3
662,"820325/5192",662,8
663,"915414/1865",663,7
664,"760223/2638",664,7
665,"645714/6069",665,2
666,"720813/5341",666,2
667,"915119/1698",667,3
668,"880320/9283",668,5
669,"805301/8622",669,7
670,"680315/9308",670,2
671,"845704/2165",671,3
672,"950801/3416",672,7
673,"845411/3899",673,2
674,"790514/6205",674,3
675,"975105/5908",675,3
676,"720415/7598",676,4
677,"635609/3524",677,7
678,"960603/1908",678,3
679,"975325/0056",679,3
680,"890512/8584",680,4
681,"605203/6386",681,6
682,"750523/0788",682,7
683,"625710/1785",683,2
684,"740425/3296",684,8
685,"765322/1906",685,6
686,"780603/0221",686,5
687,"795818/1099",687,7
688,"850822/2338",688,2
689,"915307/4667",689,2
690,"680803/7247",690,6
691,"955321/5232",691,5
692,"850818/4069",692,7
693,"595624/9244",693,3
694,"730415/6266",694,2
695,"875619/0014",695,6
696,"700321/0863",696,4
697,"955721/3798",697,3
698,"920416/1802",698,3
699,"675108/5561",699,3
700,"630504/2524",700,4
701,"915119/2886",701,4
702,"990121/1210",702,5
703,"845327/6678",703,6
704,"640222/4411",704,5
705,"895406/3118",705,5
706,"690326/7272",706,7
707,"585823/2347",707,7
708,"730123/3104",708,3
709,"675108/1161",709,8
710,"580702/2309",710,3
711,"605522/6617",711,3
712,"730815/2885",712,4
713,"975608/7231",713,4
714,"650310/8711",714,4
715,"995324/2926",715,2
716,"570810/2752",716,2
717,"575722/7894",717,2
718,"890522/8013",718,4
719,"605607/9315",719,6
720,"860417/6229",720,3
721,"995811/1911",721,4
722,"670312/0688",722,7
723,"995701/4144",723,5
724,"900514/3642",724,7
725,"985322/3589",725,7
726,"670306/0210",726,6
727,"805721/9929",727,4
728,"700422/4557",728,4
729,"825404/1312",729,5
730,"840424/2902",730,7
731,"815315/1853",731,2
732,"630722/4946",732,4
733,"615425/5316",733,5
734,"600207/8500",734,8
735,"985312/3412",735,2
736,"660322/5409",736,4
737,"755720/6954",737,5
738,"680512/1829",738,6
739,"715306/9759",739,8
740,"860821/7365",740,6
741,"885325/5202",741,1
742,"780306/7327",742,2
743,"905424/4452",743,2
744,"830311/5953",744,6
745,"635322/9388",745,6
746,"960726/4139",746,1
747,"805423/9369",747,4
748,"940709/0770",748,5
749,"925715/7382",749,7
750,"730506/0422",750,4
751,"975511/7592",751,6
752,"770118/7747",752,3
753,"965307/5465",753,3
754,"780322/5408",754,7
755,"675121/0961",755,1
756,"710812/4254",756,5
757,"965422/4206",757,4
758,"890621/4240",758,3
759,"745413/0189",759,2
760,"990419/8282",760,5
761,"995101/0047",761,3
762,"830310/6361",762,4
763,"875304/6093",763,8
764,"810324/9704",764,4
765,"565112/9627",765,3
766,"650407/6667",766,5
767,"815105/4802",767,7
768,"970312/0757",768,2
769,"695705/5622",769,7
770,"690119/8106",770,1
771,"765316/6235",771,5
772,"870521/9820",772,3
773,"895323/0066",773,3
774,"820315/6775",774,8
775,"795605/8913",775,2
776,"790522/5515",776,1
777,"775624/2945",777,2
778,"820311/0707",778,2
779,"835721/3777",779,3
780,"830404/3154",780,3
781,"685414/9148",781,2
782,"870612/0082",782,3
783,"825319/9801",783,2
784,"600719/9715",784,2
1562,"820613/5828",1562,7
1563,"755321/7650",1563,7
1564,"890125/3713",1564,6
1565,"825301/5925",1565,4
1566,"960309/6514",1566,6
1567,"895111/3380",1567,8
1568,"840803/3887",1568,7
1569,"675316/5804",1569,2
1570,"640624/6132",1570,4
1571,"755306/2781",1571,8
1572,"680406/5081",1572,6
1573,"815719/8214",1573,2
1574,"860706/2079",1574,3
1575,"575309/8307",1575,2
1576,"660415/7395",1576,5
1577,"795113/3927",1577,2
1578,"590325/3488",1578,2
1579,"695815/9758",1579,5
1580,"610115/3025",1580,3
1581,"885619/9011",1581,7
1582,"560320/9920",1582,4
1583,"875317/7488",1583,6
1584,"570101/3065",1584,5
1585,"885219/2998",1585,5
1586,"770318/3565",1586,5
1587,"935122/0351",1587,3
1588,"910620/2886",1588,5
1589,"745106/4621",1589,6
1590,"850507/1839",1590,6
1591,"955610/0224",1591,4
1592,"560807/8707",1592,7
1593,"995512/0329",1593,6
1594,"650416/5206",1594,4
1595,"675507/5239",1595,7
1596,"930714/1305",1596,7
1597,"985719/1234",1597,3
1598,"740109/9849",1598,6
1599,"725705/3925",1599,5
1600,"950702/6980",1600,2
1601,"725618/8203",1601,7
1602,"650608/4882",1602,8
1603,"895304/2901",1603,7
1604,"560710/1764",1604,7
1605,"595604/0398",1605,7
1606,"890422/1755",1606,4
1607,"805805/1353",1607,5
1608,"960801/5626",1608,3
1609,"855123/0116",1609,7
1610,"650723/8848",1610,2
1611,"905619/1540",1611,6
1612,"560812/4148",1612,3
1613,"615304/3512",1613,6
1614,"740310/7063",1614,5
1615,"585707/1044",1615,2
1616,"610512/1396",1616,3
1617,"845825/3573",1617,1
1618,"910505/2220",1618,4
1619,"615326/4480",1619,1
1620,"830808/4180",1620,4
1621,"595627/2443",1621,1
1622,"560313/6462",1622,5
1623,"595323/9369",1623,2
1624,"840227/0602",1624,5
1625,"665306/3791",1625,6
1626,"690316/0319",1626,2
1627,"815420/8777",1627,4
1628,"740409/6139",1628,5
1629,"605710/8607",1629,5
1630,"560811/5634",1630,4
1631,"645612/1705",1631,3
1632,"790304/8824",1632,1
1633,"895625/9422",1633,3
1634,"660811/1004",1634,3
1635,"715403/1654",1635,3
1636,"810305/8172",1636,2
1637,"775502/3133",1637,2
1638,"550301/8235",1638,1
1639,"745602/2662",1639,2
1640,"590302/4248",1640,5
1641,"645606/8300",1641,2
1642,"610803/3162",1642,5
1643,"945314/9442",1643,6
1644,"920819/7086",1644,7
1645,"825307/3422",1645,2
1646,"760526/9089",1646,2
1647,"615111/7896",1647,2
1648,"720627/9905",1648,5
1649,"855413/9308",1649,4
1650,"770708/7344",1650,3
1651,"685411/1154",1651,2
1652,"660308/1562",1652,8
1653,"855125/7011",1653,4
1654,"680107/3873",1654,4
1655,"805716/5655",1655,1
1656,"720306/0161",1656,8
1657,"975804/0149",1657,2
1658,"850327/6111",1658,4
1659,"855416/8018",1659,2
1660,"990516/4797",1660,5
1661,"805212/1869",1661,4
1662,"880115/8597",1662,4
1663,"905306/7760",1663,2
1664,"820103/6734",1664,3
1665,"695415/2249",1665,7
1666,"590710/4533",1666,6
1667,"815720/6651",1667,5
1668,"550622/4955",1668,7
1669,"665314/1154",1669,7
1670,"930705/2172",1670,1
1671,"695626/8770",1671,8
1672,"620102/2553",1672,2
1673,"635102/4779",1673,3
1674,"710806/6229",1674,4
1675,"855426/0594",1675,2
1676,"830722/3529",1676,1
1677,"675306/0655",1677,5
1678,"840823/0732",1678,6
1679,"715306/4897",1679,7
1680,"680214/5856",1680,2
1681,"675814/2512",1681,2
1682,"670823/9384",1682,6
1683,"695817/6863",1683,3
1684,"810721/5369",1684,2
1685,"945706/7895",1685,8
1686,"550725/4181",1686,7
1687,"835302/6198",1687,2
1688,"780304/2390",1688,3
1689,"725604/0605",1689,1
1690,"570807/2480",1690,1
1691,"655812/6190",1691,7
1692,"790319/7665",1692,7
1693,"915420/0451",1693,7
1694,"650816/4289",1694,3
1695,"665101/5503",1695,7
1696,"680103/6737",1696,4
1697,"605121/5049",1697,2
1698,"780117/7483",1698,6
1699,"915319/1003",1699,5
1700,"650305/0224",1700,6
1701,"735414/7933",1701,4
1702,"740814/8330",1702,4
1703,"835314/2072",1703,1
1704,"890522/6550",1704,8
1705,"995619/1179",1705,2
1706,"950321/8054",1706,4
1707,"665101/2720",1707,7
1708,"910716/5386",1708,1
1709,"865407/7300",1709,7
1710,"580513/1332",1710,5
1711,"645401/8505",1711,6
1712,"620610/5895",1712,6
1713,"725525/0376",1713,2
1714,"950505/5615",1714,4
1715,"745708/3007",1715,2
1716,"860316/7958",1716,7
1717,"965216/1805",1717,8
1718,"600623/8359",1718,7
1719,"975408/9059",1719,6
1720,"560717/3594",1720,7
1721,"815618/4905",1721,7
1722,"780714/5676",1722,6
1723,"605804/5686",1723,6
1724,"550318/4159",1724,6
1725,"775515/4495",1725,4
1726,"690308/9853",1726,3
1727,"635401/0322",1727,2
1728,"760602/4316",1728,7
1729,"675723/7377",1729,5
1730,"730322/9890",1730,5
1731,"605702/2939",1731,3
1732,"550410/1944",1732,7
1733,"665301/8845",1733,1
1734,"710308/6683",1734,2
1735,"875327/1120",1735,2
1736,"950318/3041",1736,6
1737,"665807/5809",1737,7
1738,"840608/1035",1738,7
1739,"925213/3781",1739,2
1740,"820320/7056",1740,5
1741,"775706/8385",1741,6
1742,"840523/5388",1742,7
1743,"595506/8471",1743,2
1744,"900301/1468",1744,5
1745,"775719/7976",1745,7
1746,"780324/5604",1746,4
1747,"945318/1100",1747,4
1748,"810117/5434",1748,4
1749,"865811/3332",1749,7
1750,"680226/0696",1750,7
1751,"695618/5720",1751,6
1752,"960327/8916",1752,6
1753,"615320/8820",1753,6
1754,"610524/5751",1754,7
1755,"915626/4062",1755,6
1756,"750608/7930",1756,5
1757,"925716/8239",1757,3
1758,"560301/1271",1758,6
1759,"975614/7511",1759,6
1760,"990304/6186",1760,2
1761,"865804/8806",1761,8
1762,"810113/3359",1762,8
1763,"975327/0483",1763,7
1764,"550103/7839",1764,7
1765,"805117/6925",1765,6
1766,"560216/7219",1766,5
1767,"765807/5172",1767,3
1768,"980720/3065",1768,3
1769,"575301/4564",1769,7
1770,"840314/2638",1770,6
1771,"915308/3390",1771,7
1772,"750815/4247",1772,6
1773,"615705/6609",1773,1
1774,"570514/7283",1774,2
1775,"775612/5388",1775,7
1776,"550509/6575",1776,5
1777,"635723/9691",1777,4
1778,"870707/0394",1778,1
1779,"785122/5294",1779,7
1780,"600501/7788",1780,6
1781,"995511/4224",1781,2
1782,"950313/3541",1782,7
1783,"995321/1411",1783,2
1784,"790325/4447",1784,7
1785,"825510/2944",1785,5
1786,"570305/0177",1786,2
1787,"675805/5128",1787,3
1788,"650123/1099",1788,4
1789,"655524/7688",1789,5
1790,"920126/8285",1790,4
1791,"565214/3255",1791,4
1792,"840118/5045",1792,4
1793,"665612/8776",1793,5
1794,"830614/7641",1794,2
1795,"685418/2522",1795,3
1796,"850417/6802",1796,7
1797,"935307/3620",1797,2
1798,"750703/5965",1798,7
1799,"585627/1751",1799,6
1800,"950111/3237",1800,2
1801,"665712/5222",1801,5
1802,"790808/0873",1802,2
1803,"685826/4787",1803,3
1804,"700521/4117",1804,4
1805,"685815/4204",1805,5
1806,"780607/5860",1806,7
1807,"835113/0480",1807,5
1808,"610522/3432",1808,4
1809,"725726/2342",1809,7
1810,"910413/6492",1810,8
1811,"895521/9702",1811,2
1812,"650504/6306",1812,6
1813,"605521/5056",1813,4
1814,"590707/9343",1814,7
1815,"595722/8673",1815,5
1816,"960302/4728",1816,2
1817,"895501/4904",1817,6
1818,"870725/7933",1818,7
1819,"855805/4329",1819,7
1820,"680813/1022",1820,7
1821,"655307/1415",1821,8
1822,"640806/6434",1822,8
1823,"625309/3000",1823,2
1824,"970101/4994",1824,7
1825,"595615/4270",1825,6
1826,"600815/5758",1826,2
1827,"775808/9152",1827,7
1828,"880626/7558",1828,7
1829,"675505/4581",1829,7
1830,"850326/6453",1830,2
1831,"645618/5065",1831,7
1832,"910717/6155",1832,1
1833,"595405/2775",1833,4
1834,"610712/5695",1834,2
1835,"785703/8618",1835,2
1836,"930311/4381",1836,5
1837,"665720/7370",1837,7
1838,"950609/4653",1838,2
1839,"625607/3527",1839,5
1840,"830409/1895",1840,4
1841,"655721/6006",1841,6
1842,"890516/8624",1842,5
1843,"905314/9391",1843,5
1844,"650404/9343",1844,5
1845,"755527/8544",1845,3
1846,"900410/6111",1846,1
1847,"815311/3353",1847,5
1848,"920410/5922",1848,7
1849,"775813/0710",1849,3
1850,"840207/1403",1850,7
1851,"635125/3601",1851,2
1852,"740812/0742",1852,7
1853,"985524/9316",1853,7
1854,"800320/5595",1854,5
1855,"955302/3898",1855,5
1856,"570425/2521",1856,2
1857,"615727/3595",1857,6
1858,"730724/2239",1858,6
1859,"685124/7458",1859,5
1860,"650401/6057",1860,7
1861,"935326/1467",1861,4
1862,"820715/5396",1862,3
1863,"635605/8511",1863,3
1864,"770115/3306",1864,4
1865,"715607/5366",1865,6
1866,"800719/0323",1866,2
1867,"765603/8379",1867,5
1868,"640609/5168",1868,5
1869,"585814/9275",1869,2
1870,"820626/0931",1870,3
1871,"985509/8165",1871,5
1872,"630314/9820",1872,6
1873,"625317/7887",1873,7
1874,"690308/4375",1874,7
1875,"595802/3137",1875,2
1876,"960118/3834",1876,7
1877,"615305/0563",1877,1
1878,"800403/9263",1878,5
1879,"825823/8164",1879,6
1880,"760207/7659",1880,3
1881,"665711/5740",1881,4
1882,"750106/2437",1882,8
1883,"885610/5225",1883,3
1884,"900405/0352",1884,8
1885,"885327/3968",1885,7
1886,"920204/9956",1886,8
1887,"865401/1586",1887,7
1888,"830419/2897",1888,2
1889,"845725/6555",1889,6
1890,"890306/5743",1890,3
1891,"625626/8623",1891,4
1892,"800705/1657",1892,6
1893,"565211/8065",1893,7
1894,"890726/9613",1894,5
1895,"655812/2153",1895,1
1896,"730506/2985",1896,1
1897,"655316/2000",1897,3
1898,"850512/0283",1898,3
1899,"955606/8423",1899,3
1900,"940112/1972",1900,3
1901,"625727/3231",1901,2
1902,"910314/2631",1902,1
1903,"825510/5738",1903,6
1904,"910619/6275",1904,6
1905,"605724/2444",1905,6
1906,"650301/4848",1906,6
1907,"815823/4909",1907,4
1908,"720720/7964",1908,2
1909,"915624/5549",1909,2
1910,"910816/7002",1910,6
1911,"885524/8490",1911,7
1912,"990525/2203",1912,6
1913,"955812/6226",1913,5
1914,"560104/4724",1914,2
1915,"705520/2825",1915,3
1916,"550726/0011",1916,2
1917,"915319/2763",1917,2
1918,"800702/9272",1918,4
1919,"845212/3823",1919,6
1920,"790814/2462",1920,6
1921,"605614/3775",1921,6
1922,"900613/3510",1922,4
1923,"965313/1059",1923,7
1924,"810721/3840",1924,3
1925,"975311/9607",1925,8
1926,"850614/9454",1926,6
1927,"935803/1122",1927,6
1928,"920523/2993",1928,8
1929,"825301/6871",1929,1
1930,"780722/0949",1930,2
1931,"565219/0225",1931,5
1932,"950113/6986",1932,6
1933,"615811/6481",1933,5
1934,"760810/0588",1934,2
1935,"555411/3092",1935,1
1936,"980304/6671",1936,4
1937,"715109/8757",1937,7
1938,"610111/0213",1938,3
1939,"785119/0699",1939,7
1940,"860324/6179",1940,7
1941,"675814/7363",1941,1
1942,"850603/5989",1942,7
1943,"705306/8990",1943,5
1944,"830815/0400",1944,2
1945,"685315/2240",1945,6
1946,"600602/1285",1946,1
1947,"635610/2489",1947,8
1948,"570106/8120",1948,7
1949,"895608/8768",1949,4
1950,"620418/8056",1950,6
1951,"755702/2220",1951,4
1952,"820326/7083",1952,5
1953,"845119/3454",1953,7
1954,"680104/1830",1954,3
1955,"955422/0951",1955,2
1956,"660814/8976",1956,2
1957,"885101/5316",1957,7
1958,"690806/4416",1958,5
1959,"965311/4372",1959,5
1960,"980116/2778",1960,4
1961,"565609/4246",1961,7
1962,"770307/9967",1962,5
1963,"615120/5731",1963,4
1964,"720410/0398",1964,5
1965,"955514/5270",1965,3
1966,"770815/2650",1966,2
1967,"705608/6455",1967,8
1968,"560101/9974",1968,3
1969,"715627/2739",1969,7
1970,"750316/3789",1970,7
1971,"645510/7164",1971,6
1972,"750627/4655",1972,7
1973,"555309/0950",1973,2
1974,"580306/3211",1974,2
1975,"685812/9410",1975,3
1976,"910314/9803",1976,4
1977,"705616/0738",1977,8
1978,"880319/4862",1978,5
1979,"665816/3226",1979,6
1980,"810713/9744",1980,5
1981,"985321/9013",1981,3
1982,"830304/5630",1982,1
1983,"665713/6750",1983,2
1984,"800109/7665",1984,6
1985,"845504/3718",1985,3
1986,"930514/7324",1986,4
1987,"935517/6600",1987,7
1988,"750813/6636",1988,6
1989,"955622/5426",1989,4
1990,"870401/8466",1990,4
1991,"565508/8505",1991,2
1992,"790510/9542",1992,4
1993,"995118/2362",1993,1
1994,"780814/2441",1994,4
1995,"985102/2159",1995,6
1996,"850107/0996",1996,4
1997,"715601/5108",1997,7
1998,"710615/8037",1998,2
1999,"935114/4682",1999,2
1303,"735304/3049",1303,6
1304,"960314/8676",1304,2
1305,"755710/4852",1305,5
1306,"960526/4702",1306,7
1307,"785323/9691",1307,6
1308,"670613/6756",1308,5
1309,"785802/4438",1309,5
1310,"950121/5933",1310,5
1311,"625522/3524",1311,6
1312,"660607/2704",1312,4
1313,"805120/3699",1313,2
1314,"690726/5398",1314,7
1315,"695319/9935",1315,2
1316,"730808/0472",1316,3
1317,"835316/8362",1317,7
1318,"720808/5632",1318,3
1319,"925514/1137",1319,5
1320,"880103/9566",1320,7
1321,"565320/1543",1321,5
1322,"550109/7635",1322,1
1323,"805118/3833",1323,8
1324,"950419/4843",1324,4
1325,"595613/9805",1325,3
1326,"920508/8332",1326,1
1327,"735617/0437",1327,6
1328,"990819/8696",1328,4
1329,"965525/3080",1329,6
1330,"960426/4714",1330,3
1331,"955313/6098",1331,1
1332,"940522/7557",1332,4
1333,"585322/0461",1333,4
1334,"700620/4029",1334,2
1335,"745110/5585",1335,3
1336,"990326/6120",1336,2
1337,"625821/3951",1337,5
1338,"910323/1214",1338,3
1339,"895426/3824",1339,8
1340,"760208/2994",1340,2
1341,"805305/8640",1341,7
1342,"940305/3297",1342,5
1343,"725818/4032",1343,7
1344,"970116/6750",1344,7
1345,"715103/1096",1345,3
1346,"990626/8559",1346,3
1347,"925423/0128",1347,5
1348,"600711/1440",1348,4
1349,"705614/5327",1349,5
1350,"720322/9363",1350,6
1351,"775811/4562",1351,4
1352,"880611/9641",1352,5
1353,"665308/4823",1353,3
1354,"750402/6156",1354,5
1355,"565505/2381",1355,3
1356,"840305/5694",1356,3
1357,"825403/9409",1357,8
1358,"970611/2570",1358,1
1359,"685726/7362",1359,5
1360,"790401/0081",1360,7
1361,"645319/8499",1361,5
1362,"610807/1387",1362,2
1363,"695511/0910",1363,5
1364,"900416/6842",1364,7
1365,"705423/8741",1365,5
1366,"800211/5902",1366,6
1367,"775311/6668",1367,3
1368,"760305/3777",1368,4
1369,"895314/0669",1369,6
1370,"810705/9972",1370,3
1371,"605315/3876",1371,6
1372,"640319/7680",1372,7
1373,"815817/9282",1373,3
1374,"810607/1314",1374,3
1375,"905804/1575",1375,2
1376,"820412/9901",1376,7
1377,"635421/8002",1377,3
1378,"940602/3693",1378,7
1379,"955612/0101",1379,1
1380,"580810/6876",1380,5
1381,"895317/5627",1381,2
1382,"850102/6193",1382,5
1383,"735627/0482",1383,2
1384,"680416/5368",1384,1
1385,"895326/6190",1385,2
1386,"910521/9838",1386,4
1387,"595325/6430",1387,8
1388,"940702/9511",1388,6
1389,"855516/3320",1389,2
1390,"610116/5499",1390,2
1391,"965121/0756",1391,1
1392,"660106/2908",1392,5
1393,"905427/8750",1393,3
1394,"940109/5352",1394,3
1395,"815826/1320",1395,7
1396,"810307/2681",1396,2
1397,"745521/8936",1397,7
1398,"990708/9676",1398,3
1399,"625118/6403",1399,2
1400,"560414/9606",1400,4
1401,"805327/3470",1401,2
1402,"650516/1916",1402,3
1403,"965611/6107",1403,2
1404,"950317/3218",1404,1
1405,"985321/9343",1405,4
1406,"810104/8032",1406,3
1407,"935819/6969",1407,5
1408,"900703/2925",1408,5
1409,"995801/2317",1409,6
1410,"720305/7763",1410,2
1411,"635408/2680",1411,2
1412,"940302/5995",1412,8
1413,"875617/9102",1413,7
1414,"610313/5423",1414,3
1415,"815405/5690",1415,8
1416,"850619/5489",1416,5
1417,"645127/4984",1417,6
1418,"720504/9577",1418,4
1419,"855410/2381",1419,6
1420,"850308/8033",1420,5
1421,"565514/2284",1421,5
1422,"870621/7586",1422,8
1423,"775423/5148",1423,2
1424,"560606/6400",1424,7
1425,"885305/3088",1425,4
1426,"580622/8186",1426,5
1427,"605201/6949",1427,5
1428,"780612/1774",1428,4
1429,"555310/6284",1429,6
1430,"980609/9556",1430,2
1431,"585427/5988",1431,5
1432,"640114/5927",1432,2
1433,"925210/7865",1433,3
1434,"860519/1529",1434,2
1435,"785322/0320",1435,2
1436,"830808/9768",1436,5
1437,"575302/3628",1437,7
1438,"980608/1318",1438,3
1439,"915819/9611",1439,4
1440,"870522/7883",1440,2
1441,"585420/0506",1441,8
1442,"720517/3547",1442,5
1443,"855101/3603",1443,2
1444,"660804/3783",1444,4
1445,"595424/8806",1445,6
1446,"950721/9887",1446,2
1447,"985823/1944",1447,3
1448,"610415/1350",1448,4
1449,"915503/4647",1449,6
1450,"760520/4838",1450,7
1451,"925817/3089",1451,3
1452,"890811/0816",1452,3
1453,"885121/7771",1453,6
1454,"810319/8202",1454,3
1455,"595305/9838",1455,5
1456,"970714/1510",1456,8
1457,"665521/7503",1457,3
1458,"800711/8174",1458,7
1459,"555520/4226",1459,1
1460,"730517/1819",1460,2
1461,"615705/0218",1461,7
1462,"690814/6454",1462,2
1463,"685525/9235",1463,3
1464,"830102/8307",1464,6
1465,"595602/1610",1465,8
1466,"930118/5586",1466,3
1467,"705819/6134",1467,5
1468,"760325/9158",1468,1
1469,"735323/2612",1469,3
1470,"710113/2434",1470,3
1471,"655413/9977",1471,5
1472,"990101/7555",1472,3
1473,"585419/6766",1473,2
1474,"900318/8370",1474,5
1475,"625307/8359",1475,3
1476,"670810/8154",1476,3
1477,"565502/4573",1477,3
1478,"890718/1921",1478,6
1479,"945115/2502",1479,7
1480,"610612/5245",1480,3
1481,"905524/7014",1481,2
1482,"630804/1432",1482,7
1483,"895505/8651",1483,7
1484,"820608/6636",1484,7
1485,"615417/0297",1485,5
1486,"620816/8626",1486,8
1487,"735424/1730",1487,3
1488,"640307/1796",1488,2
1489,"755422/0168",1489,7
1490,"840203/3673",1490,7
1491,"765219/1184",1491,3
1492,"950606/1719",1492,5
1493,"955302/0356",1493,2
1494,"560516/0143",1494,5
1495,"695510/5157",1495,2
1496,"920423/0926",1496,5
1497,"555306/3956",1497,6
1498,"790119/3674",1498,2
1499,"885510/8251",1499,2
1500,"810805/4867",1500,7
1501,"995701/5222",1501,4
1502,"890401/7639",1502,4
1503,"955712/0199",1503,7
1504,"910303/2092",1504,8
1505,"655415/7962",1505,5
1506,"880824/0276",1506,6
1507,"625816/3461",1507,7
1508,"630614/7595",1508,3
1509,"605820/1490",1509,1
1510,"560710/4778",1510,4
1511,"665705/6010",1511,6
1512,"920409/5769",1512,8
1513,"675822/7366",1513,3
1514,"910315/4269",1514,6
1515,"975816/2975",1515,5
1516,"880822/6779",1516,4
1517,"955313/6824",1517,7
1518,"730419/2236",1518,4
1519,"945827/0305",1519,1
1520,"880212/0712",1520,7
1521,"725226/1071",1521,2
1522,"970308/8769",1522,4
1523,"585621/2439",1523,3
1524,"910323/6241",1524,6
1525,"715117/0961",1525,7
1526,"690326/9615",1526,6
1527,"945610/3701",1527,4
1528,"750401/8731",1528,5
1529,"905108/5725",1529,5
1530,"670406/6864",1530,2
1531,"705123/1242",1531,7
1532,"630606/6954",1532,6
1533,"805316/8552",1533,3
1534,"840526/3889",1534,3
1535,"665113/1080",1535,7
1536,"920814/2163",1536,5
1537,"965515/2793",1537,2
1538,"970725/1246",1538,7
1539,"755112/5362",1539,5
1540,"880402/7958",1540,5
1541,"715105/4636",1541,4
1542,"700407/1349",1542,4
1543,"985621/9626",1543,7
1544,"790806/9290",1544,7
1545,"855804/8477",1545,8
1546,"550320/1352",1546,6
1547,"825401/3911",1547,5
1548,"740101/9362",1548,1
1549,"715126/4516",1549,6
1550,"740404/0105",1550,8
1551,"595601/6110",1551,2
1552,"900113/6595",1552,8
1553,"885627/1578",1553,6
1554,"940116/5103",1554,2
1555,"925404/4690",1555,4
1556,"840125/1892",1556,4
1557,"695504/5394",1557,7
1558,"860420/7436",1558,2
1559,"935319/3179",1559,2
1560,"940509/6756",1560,2
1561,"855707/7881",1561,5
