"ID_ZAMESTNANCA","ROD_CISLO","ID_ODDELENIA","ID_FOTKY","DAT_OD","DAT_DO"
659,"685727/6404",53,7,15-MAR-19,
660,"590516/1141",9,7,28-MAR-17,
661,"615805/0261",110,7,08-APR-15,
662,"880205/6043",119,7,19-FEB-15,
663,"825410/5673",98,7,03-APR-17,
664,"570707/5726",37,7,17-JAN-16,
665,"885406/4824",55,7,04-APR-17,
666,"660809/3415",54,7,15-JAN-19,
667,"945726/7204",81,7,18-FEB-19,
668,"750523/5518",29,7,25-MAR-18,
669,"985525/4750",29,7,04-MAR-15,
670,"710602/0922",34,7,05-MAR-20,
671,"665302/5412",95,7,07-JAN-19,
672,"690605/6025",95,7,08-APR-17,
673,"945708/4857",32,7,26-MAR-18,
674,"600318/1173",8,7,04-FEB-17,
675,"845625/3663",76,7,19-FEB-15,
676,"700405/4420",28,7,01-JAN-15,
677,"895525/0161",27,7,14-MAR-18,
678,"970619/6445",37,7,25-JAN-17,
679,"685718/2970",96,7,30-JAN-16,
680,"990427/5931",103,7,07-MAR-16,
681,"975323/8044",43,7,28-JAN-20,
682,"960721/8137",42,7,26-MAR-20,
683,"685822/6991",18,7,04-MAR-19,
684,"730523/2209",19,7,26-FEB-18,
685,"645406/5321",107,7,16-MAR-15,
686,"730404/4781",97,7,05-MAR-20,
687,"965510/9420",85,7,16-JAN-20,
688,"850607/0287",89,7,23-JAN-15,
689,"705114/6553",18,7,05-JAN-17,
690,"640823/9794",66,7,01-MAR-19,
691,"905306/4119",83,7,02-APR-15,
692,"710607/9244",113,7,24-JAN-19,
693,"595326/1798",16,7,21-JAN-19,
694,"930702/3550",10,7,20-FEB-15,
695,"935323/2229",111,7,20-FEB-17,
696,"710720/1662",5,7,16-FEB-15,
697,"945519/7136",27,7,16-MAR-18,
698,"670820/0356",21,7,15-JAN-17,
699,"885217/4584",66,7,28-FEB-18,
700,"550120/4038",14,7,02-APR-16,
701,"865422/0652",11,7,31-MAR-17,
702,"780516/8657",123,7,13-FEB-18,
703,"825809/6528",123,7,11-JAN-16,
704,"990310/8292",105,7,05-JAN-17,
705,"675306/2129",57,7,01-FEB-15,
706,"820520/8880",28,7,05-JAN-16,
707,"625307/2595",39,7,13-FEB-16,
708,"990324/4857",67,7,06-JAN-15,
709,"835527/2574",122,7,28-JAN-17,
710,"630102/1375",102,7,29-JAN-19,
711,"795713/6132",52,7,31-MAR-15,
712,"640402/5969",73,7,16-MAR-17,
713,"775526/6673",71,7,05-JAN-15,
714,"660417/2685",54,7,01-APR-18,
715,"795803/0542",4,7,06-MAR-18,
716,"600823/4045",35,7,09-MAR-18,
717,"595820/0336",18,7,15-MAR-17,
718,"870824/0299",123,7,02-APR-17,
719,"585416/4250",5,7,07-MAR-20,
720,"880417/9978",20,7,26-JAN-18,
721,"985614/1383",99,7,25-MAR-17,
722,"990419/7743",18,7,14-FEB-17,
723,"635820/9682",77,7,14-JAN-16,
724,"790414/5150",31,7,27-FEB-15,
725,"635317/5983",86,7,21-MAR-16,
726,"920626/3066",59,7,15-FEB-18,
727,"905123/2828",45,7,29-MAR-16,
728,"790313/6725",88,7,29-FEB-16,
729,"675701/1569",32,7,01-JAN-18,
730,"880123/9227",41,7,09-APR-15,
731,"705802/5029",45,7,28-MAR-17,
732,"960726/3996",9,7,05-FEB-17,
733,"965627/2329",47,7,03-FEB-15,
734,"700607/6682",1,7,31-MAR-20,
735,"815710/7002",12,7,28-FEB-17,
736,"570601/1190",12,7,05-FEB-16,
737,"725213/5814",51,7,12-MAR-15,
738,"810727/5957",37,7,18-JAN-20,
739,"795824/0477",97,7,09-APR-17,
740,"720702/4935",34,7,07-FEB-17,
741,"805124/7490",79,7,27-FEB-17,
742,"800726/8434",80,7,02-JAN-17,
743,"685427/3316",42,7,04-MAR-17,
744,"730720/1132",44,7,03-MAR-16,
745,"865318/1372",74,7,25-MAR-19,
746,"920413/3521",30,7,10-FEB-19,
747,"845320/3979",89,7,03-MAR-20,
748,"640808/0459",46,7,10-JAN-15,
749,"955607/8389",56,7,15-JAN-20,
750,"600320/8596",45,7,19-JAN-16,
751,"975317/6092",92,7,25-FEB-16,
752,"680418/1758",75,7,21-MAR-20,
753,"575117/4979",36,7,01-JAN-15,
754,"890707/6035",7,7,07-MAR-15,
755,"565225/6863",20,7,07-APR-15,
756,"870705/0407",89,7,17-JAN-15,
757,"755723/5202",123,7,10-MAR-19,
758,"860716/3290",57,7,16-FEB-16,
759,"685308/8121",34,7,08-MAR-20,
760,"960807/6467",20,7,17-JAN-16,
761,"695314/5166",19,7,04-JAN-20,
762,"830710/9261",47,7,20-MAR-20,
763,"585725/2951",42,7,28-MAR-16,
764,"580303/8923",75,7,10-MAR-15,
765,"985615/1118",120,7,08-JAN-16,
766,"610509/5084",93,7,09-FEB-19,
767,"725317/1332",93,7,06-APR-19,
768,"990305/5492",5,7,19-MAR-16,
769,"655122/3514",103,7,22-MAR-19,
770,"720825/4768",52,7,16-FEB-20,
771,"655117/2870",21,7,11-FEB-17,
772,"600311/1169",30,7,01-JAN-18,
773,"845708/7078",35,7,11-JAN-16,
774,"770724/7317",74,7,05-JAN-18,
775,"595610/6717",115,7,14-JAN-18,
776,"830507/3557",62,7,01-JAN-17,
777,"885620/3917",71,7,14-FEB-15,
778,"600517/1601",112,7,03-JAN-15,
779,"715622/6550",28,7,18-MAR-19,
780,"660325/6891",87,7,14-JAN-20,
781,"835311/4880",43,7,12-FEB-19,
782,"670706/0888",1,7,01-FEB-16,
783,"725704/0428",88,7,21-JAN-16,
784,"970303/7223",81,7,20-MAR-19,
785,"575815/0409",93,7,22-FEB-17,
786,"720310/1037",33,7,08-JAN-19,
787,"985719/3379",18,7,06-FEB-18,
788,"690319/9710",71,7,15-FEB-15,
789,"995714/1832",96,7,30-JAN-18,
790,"620720/9151",123,7,19-FEB-18,
791,"815322/2957",25,7,28-MAR-20,
792,"700608/0070",98,7,09-MAR-19,
793,"655527/7498",95,7,02-FEB-17,
794,"860724/5680",68,7,02-JAN-17,
795,"725208/6930",34,7,18-MAR-16,
796,"890709/5450",79,7,22-MAR-20,
797,"975802/4056",58,7,26-JAN-19,
798,"990125/1701",102,7,26-JAN-18,
799,"945513/9881",11,7,27-FEB-18,
800,"610716/2611",58,7,02-JAN-17,
801,"995507/8595",35,7,06-APR-20,
802,"970425/2811",32,7,27-MAR-17,
803,"725209/1539",78,7,26-FEB-15,
804,"760318/6503",118,7,13-JAN-18,
805,"835307/9020",40,7,09-JAN-17,
806,"910711/6557",39,7,11-JAN-15,
807,"695121/0585",85,7,10-FEB-15,
808,"630614/4064",31,7,17-MAR-15,
809,"785316/0645",55,7,10-JAN-16,
810,"840617/1565",20,7,02-APR-16,
811,"825317/8043",123,7,21-JAN-18,
812,"640402/4671",19,7,23-JAN-20,
813,"865324/3555",68,7,11-MAR-17,
814,"930322/1433",20,7,02-APR-15,
815,"685716/3379",18,7,17-JAN-16,
816,"600618/0345",59,7,31-JAN-16,
817,"685116/6278",121,7,11-JAN-15,
818,"720413/3673",54,7,14-MAR-15,
819,"615123/8170",29,7,16-JAN-16,
820,"800726/2934",53,7,05-MAR-17,
821,"975313/8824",93,7,15-MAR-19,
822,"690308/2912",48,7,05-MAR-19,
823,"945322/0711",68,7,13-MAR-20,
824,"800423/4876",7,7,04-MAR-16,
825,"945313/2348",110,7,02-APR-16,
826,"820513/9261",91,7,13-MAR-19,
827,"755422/6119",13,7,06-FEB-15,
828,"970427/2380",53,7,16-FEB-15,
829,"975306/1560",52,7,21-JAN-15,
830,"900415/1376",91,7,14-FEB-17,
831,"555821/7225",56,7,05-APR-17,
832,"910106/6304",1,7,01-APR-20,
833,"565714/6099",60,7,01-APR-19,
834,"800316/9746",14,7,03-MAR-20,
835,"935323/9599",59,7,02-MAR-20,
836,"870823/3248",64,7,18-JAN-19,
837,"855724/4663",36,7,16-FEB-15,
838,"550322/0063",62,7,17-FEB-18,
839,"625827/9247",123,7,03-MAR-20,
840,"700415/3959",68,7,24-MAR-18,
841,"815825/0562",57,7,06-FEB-17,
842,"750624/5131",39,7,04-MAR-20,
843,"755417/5552",58,7,06-APR-16,
844,"850311/9680",12,7,13-JAN-16,
845,"725314/8375",24,7,16-MAR-17,
846,"930110/7959",121,7,31-MAR-20,
847,"885204/1110",8,7,24-MAR-19,
848,"860807/6455",58,7,26-MAR-20,
849,"755718/3524",96,7,25-JAN-15,
850,"900124/5759",93,7,07-FEB-18,
851,"645113/7803",119,7,23-FEB-20,
852,"760413/1106",31,7,02-JAN-17,
853,"655827/6714",10,7,02-APR-18,
854,"620326/4111",47,7,14-MAR-19,
855,"845103/1985",43,7,20-FEB-16,
856,"670727/4552",58,7,31-JAN-17,
857,"985609/5381",30,7,06-APR-20,
858,"650124/3496",21,7,11-MAR-18,
859,"825325/1974",111,7,09-MAR-20,
860,"640808/0503",74,7,15-MAR-16,
861,"655716/6550",114,7,15-JAN-17,
862,"670115/1215",70,7,21-FEB-17,
863,"605411/3219",19,7,03-APR-18,
864,"820703/9379",47,7,11-FEB-16,
865,"805101/2013",4,7,13-MAR-18,
866,"930704/5693",65,7,20-MAR-17,
867,"985127/8052",77,7,19-FEB-16,
868,"870619/6015",74,7,25-JAN-17,
869,"625414/8450",44,7,11-JAN-16,
870,"590126/8956",54,7,10-MAR-20,
871,"885124/6404",89,7,10-FEB-16,
872,"610419/9013",53,7,01-FEB-18,
873,"895723/2020",15,7,06-APR-18,
874,"780423/4009",89,7,06-FEB-15,
875,"805214/0910",45,7,26-FEB-15,
876,"960219/7528",14,7,23-FEB-18,
877,"905614/1820",99,7,14-JAN-16,
878,"650812/1917",56,7,26-JAN-17,
879,"825404/0047",28,7,18-JAN-16,
880,"650108/9551",71,7,07-APR-16,
881,"945619/3560",122,7,14-JAN-17,
882,"690104/5833",3,7,05-JAN-16,
883,"685213/2441",90,7,24-JAN-18,
884,"670307/0198",44,7,12-MAR-16,
885,"575318/2897",53,7,04-JAN-18,
886,"760418/7756",108,7,18-FEB-17,
887,"805219/9111",55,7,11-MAR-17,
888,"650111/3080",102,7,05-JAN-16,
889,"605224/7377",87,7,30-JAN-15,
890,"730603/6892",42,7,03-JAN-17,
891,"725619/6684",108,7,02-MAR-16,
892,"810127/2531",10,7,21-FEB-17,
893,"565512/0966",94,7,24-JAN-20,
894,"890310/7873",118,7,20-MAR-18,
895,"555416/5749",105,7,28-MAR-17,
896,"710409/1412",17,7,05-APR-20,
897,"795720/8072",122,7,05-JAN-19,
898,"750617/2069",117,7,30-JAN-16,
899,"955423/3590",116,7,28-MAR-17,
900,"950126/4113",57,7,03-MAR-19,
901,"685210/5975",36,7,24-FEB-19,
902,"560822/0178",26,7,26-JAN-15,
903,"955802/1462",21,7,14-MAR-18,
904,"700506/9918",102,7,26-FEB-18,
905,"815714/8428",92,7,12-JAN-17,
906,"980518/2002",94,7,16-FEB-18,
907,"785725/9014",41,7,28-MAR-19,
908,"550608/7994",112,7,14-JAN-18,
909,"575415/6848",89,7,25-JAN-15,
910,"650317/2720",38,7,03-APR-19,
911,"885723/3814",55,7,06-FEB-17,
912,"950525/7861",108,7,05-MAR-19,
913,"975320/8300",96,7,09-JAN-19,
914,"920508/6374",96,7,29-JAN-19,
915,"675608/1695",79,7,19-JAN-18,
916,"850520/6369",33,7,26-MAR-18,
917,"565111/0982",61,7,02-FEB-20,
918,"800714/5102",99,7,24-JAN-16,
919,"605223/6850",42,7,08-FEB-20,
920,"900111/6806",52,7,26-JAN-20,
921,"785622/2528",50,7,06-JAN-15,
922,"920818/9782",8,7,20-JAN-17,
923,"885409/9012",32,7,03-FEB-17,
924,"760803/4973",23,7,21-MAR-17,
925,"625806/3746",105,7,19-JAN-17,
926,"810410/0499",2,7,08-FEB-17,
927,"965619/2029",112,7,19-JAN-20,
928,"610719/8757",80,7,11-JAN-20,
929,"825321/7181",89,7,21-MAR-20,
930,"900807/1160",46,7,09-FEB-20,
931,"595122/3762",110,7,23-JAN-18,
932,"960424/3748",46,7,25-FEB-20,
933,"915326/4142",17,7,23-FEB-17,
934,"560308/8656",112,7,10-JAN-18,
935,"725616/0879",58,7,12-FEB-17,
936,"890122/6125",100,7,07-FEB-15,
937,"985518/5461",89,7,03-FEB-15,
938,"830615/6452",121,7,06-APR-17,
939,"775424/7028",13,7,01-FEB-20,
940,"830304/8292",20,7,21-MAR-19,
941,"985611/7909",123,7,16-JAN-15,
942,"770118/6416",56,7,30-JAN-17,
943,"725314/0708",99,7,20-FEB-18,
944,"660807/8213",12,7,10-MAR-17,
945,"985805/8265",85,7,05-APR-17,
946,"820712/2869",67,7,19-FEB-18,
947,"825422/7740",42,7,22-JAN-20,
948,"550612/4162",7,7,26-FEB-17,
949,"675527/6506",87,7,09-APR-20,
950,"810722/3256",33,7,04-APR-17,
951,"815311/5179",74,7,17-JAN-16,
952,"610611/0857",52,7,01-MAR-19,
953,"755306/0515",30,7,10-FEB-15,
954,"910106/1783",10,7,08-FEB-16,
955,"925121/1970",98,7,03-FEB-15,
956,"640718/8293",116,7,16-FEB-18,
957,"795418/3083",106,7,27-MAR-16,
958,"880214/3933",121,7,01-JAN-15,
959,"555417/6276",41,7,17-FEB-18,
960,"640714/9661",63,7,01-MAR-19,
961,"655406/1954",72,7,20-FEB-17,
962,"630108/8618",61,7,23-JAN-15,
963,"825506/9075",66,7,19-JAN-15,
964,"950317/3350",118,7,12-JAN-15,
965,"555818/2608",112,7,17-MAR-16,
966,"780301/6683",98,7,30-MAR-20,
967,"925322/7148",75,7,05-APR-17,
968,"750627/4864",44,7,23-MAR-18,
969,"715603/4523",48,7,03-JAN-19,
970,"890422/4197",75,7,31-MAR-20,
971,"815702/0960",93,7,10-JAN-19,
972,"980307/2807",114,7,08-FEB-16,
973,"765217/2671",117,7,25-JAN-15,
974,"600213/4424",48,7,03-MAR-19,
975,"595821/5505",107,7,02-FEB-18,
976,"640702/9002",18,7,25-JAN-17,
977,"755811/3321",34,7,15-MAR-17,
978,"740803/0047",51,7,23-JAN-15,
979,"755310/4383",52,7,07-MAR-17,
980,"590312/9419",38,7,04-JAN-17,
981,"995712/3011",90,7,02-APR-20,
982,"880106/9112",66,7,28-FEB-19,
983,"745312/1643",27,7,21-MAR-16,
984,"760615/3137",112,7,12-JAN-20,
985,"995512/5290",10,7,01-JAN-19,
986,"700327/0175",55,7,13-FEB-20,
987,"815320/4961",48,7,20-MAR-17,
988,"710323/8571",9,7,20-JAN-19,
989,"575711/9434",51,7,05-MAR-19,
990,"600312/1971",72,7,23-JAN-19,
991,"655603/5321",7,7,15-JAN-16,
992,"730301/0484",111,7,02-JAN-18,
993,"745722/3708",54,7,22-MAR-16,
994,"590412/3951",73,7,31-JAN-18,
995,"805421/4311",8,7,25-FEB-19,
996,"960607/7767",16,7,21-MAR-16,
997,"975423/1267",55,7,01-FEB-19,
998,"800516/2627",47,7,25-MAR-20,
999,"705714/5414",12,7,15-JAN-20,
1000,"950127/8820",20,7,30-MAR-17,
1001,"745315/5138",115,7,18-JAN-16,
1002,"900506/9007",22,7,20-MAR-17,
1003,"925814/5919",112,7,05-FEB-15,
1004,"800519/2261",68,7,14-JAN-17,
1005,"975510/8154",112,7,13-JAN-19,
1006,"570815/1383",23,7,31-MAR-15,
1007,"805214/7257",121,7,10-FEB-20,
1008,"910326/9197",35,7,10-APR-18,
1009,"705319/1321",115,7,02-FEB-18,
1010,"660501/8717",8,7,24-JAN-17,
1011,"625105/7208",103,7,10-JAN-16,
1012,"900623/0728",22,7,20-MAR-16,
1013,"945706/5233",96,7,27-FEB-16,
1014,"970323/6422",118,7,09-APR-16,
1015,"645813/7059",118,7,21-MAR-20,
1016,"580511/0036",15,7,03-APR-18,
1017,"815819/2768",51,7,04-FEB-16,
1018,"850801/4680",39,7,28-FEB-20,
1019,"805319/5040",80,7,16-JAN-19,
1020,"590517/9269",113,7,06-APR-15,
1021,"985105/6259",56,7,18-JAN-15,
1022,"830314/6489",110,7,07-APR-19,
1023,"755706/9476",49,7,11-FEB-15,
1024,"980614/5602",56,7,27-JAN-16,
1025,"945816/5717",85,7,29-MAR-19,
1026,"880711/2270",94,7,09-FEB-20,
1027,"655109/6222",33,7,15-MAR-17,
1028,"690326/9208",85,7,22-JAN-18,
1029,"585801/9486",123,7,26-MAR-18,
1030,"550822/0905",94,7,08-APR-18,
1031,"645425/9075",89,7,06-MAR-18,
1032,"790801/8712",110,7,22-MAR-17,
1033,"995316/7785",122,7,15-JAN-19,
1034,"830303/5730",99,7,27-FEB-18,
1035,"785706/5029",64,7,30-JAN-17,
1036,"640818/7489",103,7,21-FEB-15,
1037,"775810/5740",60,7,03-FEB-20,
1038,"860302/8896",101,7,16-JAN-16,
1039,"585519/0121",73,7,02-FEB-16,
1040,"670619/4000",29,7,07-APR-18,
1041,"835718/7113",37,7,25-JAN-20,
1042,"730615/8915",13,7,01-FEB-17,
1043,"795519/0463",50,7,19-FEB-18,
1044,"590317/2539",107,7,14-JAN-18,
1045,"805708/6246",55,7,19-FEB-19,
1046,"620708/5126",82,7,23-MAR-18,
1047,"905526/7672",22,7,16-FEB-19,
1048,"560723/0398",90,7,28-MAR-18,
1049,"565406/8024",47,7,17-MAR-15,
1050,"930110/5451",88,7,26-JAN-18,
1051,"955604/1836",101,7,19-JAN-18,
1052,"630114/6456",110,7,05-FEB-18,
1053,"965517/4177",60,7,06-FEB-20,
1054,"670408/3122",42,7,07-FEB-20,
1055,"775124/4853",99,7,06-FEB-19,
1056,"850708/1451",68,7,16-JAN-15,
1057,"555319/8332",42,7,02-MAR-16,
1058,"600518/0126",47,7,07-MAR-20,
1059,"675706/1619",48,7,27-FEB-16,
1060,"990427/5084",16,7,10-MAR-16,
1061,"745416/2804",9,7,20-MAR-15,
1062,"980113/8611",35,7,02-JAN-18,
1063,"615808/7210",50,7,09-APR-15,
1064,"710613/4376",120,7,04-FEB-19,
1065,"745106/7668",64,7,12-FEB-18,
1066,"720818/7745",73,7,23-FEB-18,
1067,"755124/1203",13,7,17-MAR-17,
1068,"900325/3919",94,7,19-MAR-20,
1069,"985316/4464",67,7,23-FEB-16,
1070,"890601/2819",28,7,28-JAN-18,
1071,"645127/0694",62,7,25-JAN-15,
1072,"570318/9965",28,7,07-FEB-18,
1073,"965809/6052",120,7,14-FEB-17,
1074,"990513/6296",91,7,15-MAR-20,
1075,"795722/3659",115,7,24-JAN-19,
1076,"960404/7189",13,7,06-APR-19,
1077,"845225/2798",19,7,08-JAN-15,
1078,"770621/3603",120,7,16-FEB-19,
1079,"835714/4829",85,7,31-JAN-16,
1080,"920211/6165",26,7,28-FEB-15,
1081,"685517/2115",20,7,22-MAR-20,
1082,"960123/3906",119,7,09-APR-19,
1083,"815717/9503",94,7,09-FEB-18,
1084,"810723/2496",44,7,10-MAR-18,
1085,"615401/6638",123,7,01-APR-16,
1086,"820315/7677",104,7,07-APR-16,
1087,"735503/5226",123,7,20-FEB-17,
1088,"570307/7050",81,7,28-JAN-17,
1089,"815723/7649",107,7,08-JAN-16,
1090,"870817/6708",73,7,24-MAR-15,
1091,"735717/5705",112,7,25-FEB-19,
1092,"910803/4727",120,7,30-JAN-19,
1093,"935309/5422",71,7,27-MAR-15,
1094,"750825/0189",38,7,23-MAR-16,
1095,"665822/5585",38,7,26-FEB-17,
1,"945318/1100",46,7,24-JAN-18,
2,"810117/5434",35,7,24-MAR-15,
3,"865811/3332",89,7,05-FEB-19,
4,"680226/0696",123,7,15-MAR-15,
5,"695618/5720",85,7,04-MAR-18,
6,"960327/8916",107,7,08-APR-20,
7,"615320/8820",90,7,20-MAR-17,
8,"610524/5751",123,7,17-MAR-16,
9,"915626/4062",31,7,11-MAR-18,
10,"750608/7930",39,7,20-MAR-18,
11,"925716/8239",24,7,04-JAN-16,
12,"560301/1271",55,7,02-APR-19,
13,"975614/7511",69,7,18-FEB-20,
14,"990304/6186",59,7,07-MAR-15,
15,"865804/8806",21,7,27-MAR-18,
16,"810113/3359",5,7,01-FEB-15,
17,"975327/0483",26,7,07-APR-16,
18,"550103/7839",22,7,11-FEB-20,
19,"805117/6925",77,7,30-JAN-18,
20,"560216/7219",79,7,29-JAN-20,
21,"765807/5172",5,7,17-JAN-18,
22,"980720/3065",20,7,03-MAR-20,
23,"575301/4564",79,7,01-MAR-16,
24,"840314/2638",118,7,16-MAR-19,
25,"915308/3390",47,7,04-FEB-16,
26,"750815/4247",105,7,18-MAR-18,
27,"615705/6609",110,7,01-APR-17,
28,"570514/7283",21,7,16-MAR-18,
29,"775612/5388",61,7,18-FEB-16,
30,"550509/6575",104,7,07-APR-17,
31,"635723/9691",90,7,26-FEB-16,
32,"870707/0394",4,7,30-JAN-15,
33,"785122/5294",9,7,22-MAR-17,
34,"600501/7788",119,7,22-JAN-15,
35,"995511/4224",77,7,01-FEB-19,
36,"950313/3541",89,7,07-APR-17,
37,"995321/1411",107,7,28-FEB-19,
38,"790325/4447",3,7,07-JAN-19,
39,"825510/2944",25,7,29-MAR-17,
40,"570305/0177",76,7,01-JAN-15,
41,"675805/5128",53,7,05-FEB-15,
42,"650123/1099",24,7,21-FEB-15,
43,"655524/7688",121,7,01-FEB-15,
44,"920126/8285",7,7,08-APR-19,
45,"565214/3255",101,7,06-JAN-20,
46,"840118/5045",89,7,06-JAN-18,
47,"665612/8776",99,7,25-JAN-20,
48,"830614/7641",64,7,18-JAN-18,
49,"685418/2522",112,7,05-APR-17,
50,"850417/6802",74,7,06-FEB-20,
51,"935307/3620",65,7,27-MAR-19,
52,"750703/5965",49,7,06-JAN-16,
53,"585627/1751",83,7,02-FEB-16,
54,"950111/3237",121,7,23-MAR-17,
55,"665712/5222",50,7,26-FEB-15,
56,"790808/0873",16,7,08-JAN-16,
57,"685826/4787",123,7,13-MAR-15,
58,"700521/4117",52,7,02-JAN-17,
59,"685815/4204",79,7,12-MAR-15,
60,"780607/5860",105,7,11-MAR-17,
61,"835113/0480",63,7,07-APR-16,
62,"610522/3432",77,7,16-FEB-20,
63,"725726/2342",88,7,23-MAR-16,
64,"910413/6492",110,7,17-MAR-17,
65,"895521/9702",41,7,07-JAN-18,
66,"650504/6306",91,7,16-FEB-16,
67,"605521/5056",123,7,02-MAR-16,
68,"590707/9343",101,7,08-FEB-16,
69,"595722/8673",20,7,21-MAR-20,
70,"960302/4728",79,7,05-JAN-16,
71,"895501/4904",29,7,20-MAR-19,
72,"870725/7933",56,7,02-JAN-17,
73,"855805/4329",43,7,18-FEB-20,
74,"680813/1022",98,7,26-JAN-20,
75,"655307/1415",122,7,09-JAN-17,
76,"640806/6434",34,7,10-JAN-19,
77,"625309/3000",114,7,16-MAR-17,
78,"970101/4994",107,7,27-FEB-16,
79,"595615/4270",68,7,17-JAN-15,
80,"600815/5758",14,7,04-JAN-19,
81,"775808/9152",102,7,20-JAN-18,
82,"880626/7558",91,7,19-MAR-15,
83,"675505/4581",122,7,09-JAN-19,
84,"850326/6453",40,7,12-FEB-20,
85,"645618/5065",77,7,16-JAN-15,
86,"910717/6155",69,7,21-JAN-15,
87,"595405/2775",99,7,07-JAN-15,
88,"610712/5695",46,7,14-MAR-16,
89,"785703/8618",24,7,19-MAR-16,
90,"930311/4381",99,7,29-JAN-20,
91,"665720/7370",3,7,28-MAR-20,
92,"950609/4653",107,7,02-APR-19,
93,"625607/3527",59,7,10-JAN-16,
94,"830409/1895",57,7,05-APR-18,
95,"655721/6006",21,7,08-MAR-20,
96,"890516/8624",84,7,13-MAR-16,
97,"905314/9391",70,7,23-JAN-16,
98,"650404/9343",98,7,09-MAR-19,
99,"755527/8544",53,7,26-FEB-18,
100,"900410/6111",2,7,31-JAN-15,
101,"815311/3353",28,7,18-JAN-15,
102,"920410/5922",116,7,17-FEB-18,
103,"775813/0710",30,7,21-JAN-18,
104,"840207/1403",88,7,16-FEB-18,
105,"635125/3601",23,7,27-MAR-15,
106,"740812/0742",65,7,07-APR-16,
107,"985524/9316",75,7,04-FEB-20,
108,"800320/5595",22,7,12-FEB-16,
109,"955302/3898",5,7,24-JAN-16,
110,"570425/2521",85,7,04-MAR-20,
111,"615727/3595",83,7,09-MAR-16,
112,"730724/2239",92,7,21-MAR-19,
113,"685124/7458",55,7,29-JAN-17,
114,"650401/6057",10,7,04-FEB-17,
115,"935326/1467",48,7,25-MAR-20,
116,"820715/5396",59,7,07-FEB-19,
117,"635605/8511",64,7,20-FEB-18,
118,"770115/3306",120,7,19-JAN-18,
119,"715607/5366",115,7,23-MAR-16,
120,"800719/0323",123,7,19-JAN-20,
121,"765603/8379",24,7,23-FEB-19,
122,"640609/5168",8,7,13-FEB-16,
123,"585814/9275",52,7,26-FEB-17,
124,"820626/0931",119,7,03-MAR-19,
125,"985509/8165",39,7,14-MAR-19,
126,"630314/9820",74,7,27-FEB-15,
127,"625317/7887",10,7,06-APR-17,
128,"690308/4375",75,7,21-FEB-20,
129,"595802/3137",4,7,26-JAN-15,
130,"960118/3834",74,7,30-JAN-20,
131,"615305/0563",25,7,01-JAN-18,
132,"800403/9263",109,7,17-FEB-18,
133,"825823/8164",67,7,08-MAR-15,
134,"760207/7659",17,7,16-FEB-19,
135,"665711/5740",9,7,30-MAR-18,
136,"750106/2437",42,7,08-JAN-17,
137,"885610/5225",101,7,06-FEB-19,
138,"900405/0352",27,7,19-FEB-15,
139,"885327/3968",50,7,05-FEB-19,
140,"920204/9956",100,7,09-FEB-17,
141,"865401/1586",117,7,09-JAN-18,
142,"830419/2897",98,7,20-JAN-15,
143,"845725/6555",58,7,20-MAR-17,
144,"890306/5743",18,7,08-FEB-20,
145,"625626/8623",78,7,06-JAN-19,
146,"800705/1657",19,7,25-FEB-17,
147,"565211/8065",107,7,26-MAR-15,
148,"890726/9613",93,7,18-FEB-18,
149,"655812/2153",33,7,23-MAR-17,
150,"730506/2985",91,7,11-FEB-18,
151,"655316/2000",46,7,16-FEB-15,
152,"850512/0283",95,7,11-FEB-16,
153,"955606/8423",85,7,04-MAR-17,
154,"940112/1972",61,7,20-FEB-18,
155,"625727/3231",4,7,15-FEB-15,
156,"910314/2631",79,7,27-MAR-17,
157,"825510/5738",32,7,07-APR-16,
158,"910619/6275",120,7,15-MAR-20,
159,"605724/2444",80,7,03-FEB-18,
160,"650301/4848",101,7,23-JAN-18,
161,"815823/4909",50,7,27-FEB-16,
162,"720720/7964",117,7,20-FEB-19,
163,"915624/5549",58,7,03-JAN-18,
164,"910816/7002",102,7,07-APR-16,
165,"885524/8490",37,7,09-MAR-15,
166,"990525/2203",8,7,09-MAR-16,
167,"955812/6226",85,7,08-APR-19,
168,"560104/4724",35,7,21-JAN-19,
169,"705520/2825",62,7,27-FEB-20,
170,"550726/0011",80,7,11-JAN-17,
171,"915319/2763",83,7,09-MAR-16,
172,"800702/9272",97,7,09-FEB-20,
173,"845212/3823",73,7,11-JAN-17,
174,"790814/2462",12,7,10-JAN-15,
175,"605614/3775",59,7,06-FEB-19,
176,"900613/3510",51,7,28-FEB-20,
177,"965313/1059",99,7,14-JAN-18,
178,"810721/3840",65,7,20-MAR-18,
179,"975311/9607",61,7,12-MAR-16,
180,"850614/9454",84,7,24-MAR-15,
181,"935803/1122",71,7,19-JAN-16,
182,"920523/2993",26,7,04-FEB-15,
183,"825301/6871",74,7,18-FEB-16,
184,"780722/0949",10,7,27-MAR-20,
185,"565219/0225",98,7,13-JAN-15,
186,"950113/6986",103,7,14-MAR-18,
187,"615811/6481",41,7,19-FEB-18,
188,"760810/0588",45,7,15-MAR-15,
189,"555411/3092",36,7,01-MAR-16,
190,"980304/6671",3,7,18-JAN-19,
191,"715109/8757",1,7,18-FEB-16,
192,"610111/0213",80,7,17-FEB-19,
193,"785119/0699",59,7,16-FEB-15,
194,"860324/6179",99,7,10-APR-19,
195,"675814/7363",122,7,14-FEB-18,
196,"850603/5989",65,7,08-JAN-16,
197,"705306/8990",114,7,09-JAN-16,
198,"830815/0400",86,7,03-APR-15,
199,"685315/2240",115,7,29-MAR-20,
200,"600602/1285",78,7,17-FEB-19,
201,"635610/2489",4,7,31-JAN-20,
202,"570106/8120",122,7,07-JAN-20,
203,"895608/8768",22,7,13-MAR-18,
204,"620418/8056",110,7,04-APR-18,
205,"755702/2220",1,7,21-JAN-19,
206,"820326/7083",18,7,27-FEB-18,
207,"845119/3454",42,7,14-MAR-18,
208,"680104/1830",2,7,15-JAN-19,
209,"955422/0951",63,7,20-FEB-16,
210,"660814/8976",23,7,03-MAR-20,
211,"885101/5316",119,7,16-JAN-16,
212,"690806/4416",45,7,26-JAN-18,
213,"965311/4372",40,7,04-MAR-19,
214,"980116/2778",87,7,10-FEB-19,
215,"565609/4246",101,7,04-MAR-16,
216,"770307/9967",110,7,17-JAN-20,
217,"615120/5731",63,7,24-FEB-18,
218,"720410/0398",78,7,01-FEB-17,
219,"955514/5270",72,7,08-JAN-15,
220,"770815/2650",77,7,14-MAR-17,
221,"705608/6455",81,7,02-FEB-18,
222,"560101/9974",98,7,28-MAR-19,
223,"715627/2739",16,7,05-APR-17,
224,"750316/3789",83,7,06-JAN-16,
225,"645510/7164",38,7,06-JAN-20,
226,"750627/4655",97,7,22-JAN-20,
227,"555309/0950",72,7,09-MAR-19,
228,"580306/3211",11,7,03-FEB-18,
229,"685812/9410",99,7,12-MAR-19,
230,"910314/9803",34,7,27-MAR-20,
231,"705616/0738",87,7,26-FEB-18,
232,"880319/4862",95,7,04-APR-15,
233,"665816/3226",27,7,30-JAN-16,
234,"810713/9744",103,7,25-FEB-18,
235,"985321/9013",34,7,24-MAR-20,
236,"830304/5630",15,7,26-JAN-16,
237,"665713/6750",83,7,05-MAR-19,
238,"800109/7665",102,7,23-MAR-15,
239,"845504/3718",62,7,16-FEB-17,
240,"930514/7324",63,7,05-MAR-16,
241,"935517/6600",56,7,26-JAN-19,
242,"750813/6636",53,7,08-APR-16,
243,"955622/5426",20,7,18-MAR-17,
244,"870401/8466",115,7,03-MAR-19,
245,"565508/8505",102,7,08-JAN-18,
246,"790510/9542",105,7,01-FEB-15,
247,"995118/2362",13,7,20-FEB-20,
248,"780814/2441",2,7,22-JAN-17,
249,"985102/2159",34,7,11-JAN-18,
250,"850107/0996",18,7,23-FEB-19,
251,"715601/5108",31,7,03-APR-19,
252,"710615/8037",24,7,14-MAR-17,
253,"935114/4682",84,7,25-FEB-16,
254,"650627/8240",120,7,17-FEB-15,
255,"725402/6846",39,7,09-FEB-20,
256,"880510/3923",35,7,09-APR-20,
257,"725715/0736",94,7,20-MAR-19,
258,"580811/0209",61,7,28-MAR-17,
259,"925224/8566",109,7,20-FEB-17,
260,"840110/5108",21,7,20-MAR-15,
261,"885610/5907",69,7,20-JAN-16,
262,"850121/5118",43,7,31-MAR-16,
263,"575605/8077",2,7,19-MAR-16,
264,"670104/9608",107,7,26-MAR-20,
265,"865813/8346",37,7,05-APR-20,
266,"800308/8841",93,7,13-JAN-16,
267,"845523/8198",12,7,23-FEB-20,
268,"620426/9390",69,7,07-MAR-19,
269,"725517/6379",116,7,05-JAN-17,
270,"600117/3937",50,7,10-APR-17,
271,"845811/5171",49,7,03-FEB-18,
272,"680709/5757",82,7,26-FEB-19,
273,"585411/3023",34,7,17-MAR-19,
274,"860721/6420",4,7,22-MAR-15,
275,"975813/4870",47,7,03-MAR-19,
276,"600609/9429",51,7,12-JAN-17,
277,"695723/4614",107,7,18-MAR-15,
278,"740815/1817",58,7,10-MAR-15,
279,"815527/1135",89,7,02-APR-15,
280,"970704/6965",42,7,29-JAN-18,
281,"675115/5466",74,7,27-JAN-17,
282,"820418/3636",5,7,02-FEB-15,
283,"565722/1020",60,7,24-JAN-18,
284,"880225/7288",95,7,21-FEB-15,
285,"825407/7040",14,7,23-FEB-15,
286,"660815/1957",39,7,12-FEB-20,
287,"575408/7988",4,7,19-JAN-20,
288,"630111/1135",88,7,10-JAN-18,
289,"795309/9088",87,7,08-APR-20,
290,"810415/4729",21,7,26-FEB-20,
291,"575415/9323",43,7,03-MAR-20,
292,"820706/0785",86,7,19-FEB-15,
293,"955506/0207",74,7,29-MAR-20,
294,"570609/7496",38,7,04-FEB-20,
295,"875621/8977",8,7,17-MAR-16,
296,"650827/3310",85,7,01-JAN-19,
297,"615520/3296",7,7,09-JAN-18,
298,"670323/6529",30,7,13-MAR-20,
299,"735523/5030",123,7,02-JAN-18,
300,"780625/6689",54,7,10-FEB-19,
301,"805726/7779",87,7,01-APR-19,
302,"920227/8294",83,7,07-JAN-19,
303,"715715/8404",55,7,01-MAR-17,
304,"630415/0622",42,7,06-APR-18,
305,"715806/7191",110,7,27-FEB-15,
306,"780302/9377",107,7,28-FEB-16,
307,"695111/3224",86,7,02-MAR-15,
308,"670309/2253",32,7,21-MAR-19,
309,"695801/4866",47,7,08-MAR-17,
310,"910806/8266",68,7,13-MAR-17,
311,"675706/9627",103,7,02-JAN-17,
312,"610803/0181",15,7,04-MAR-17,
313,"695805/6710",83,7,22-FEB-17,
314,"720822/2681",49,7,08-MAR-15,
315,"655307/8917",29,7,22-JAN-20,
316,"570706/5188",10,7,01-MAR-20,
317,"705602/8529",50,7,28-FEB-16,
318,"690327/1914",106,7,10-APR-19,
319,"945817/2174",16,7,14-JAN-19,
320,"560620/0050",111,7,25-JAN-19,
321,"995414/3485",35,7,19-MAR-17,
322,"620112/0508",82,7,02-MAR-17,
323,"725515/8086",83,7,27-FEB-15,
324,"810312/0047",61,7,29-MAR-18,
325,"725309/3485",68,7,13-JAN-17,
326,"850319/3688",70,7,14-JAN-15,
327,"745418/0536",51,7,11-MAR-15,
328,"940319/3800",47,7,20-FEB-19,
329,"855503/1089",13,7,02-JAN-17,
330,"970821/8058",27,7,08-MAR-19,
331,"905819/3529",24,7,05-APR-16,
332,"750309/0892",14,7,02-FEB-19,
333,"775522/2101",115,7,15-JAN-15,
334,"570309/8610",39,7,30-JAN-15,
335,"835625/1332",7,7,07-JAN-17,
336,"750321/8954",20,7,15-JAN-19,
337,"845516/6412",89,7,24-MAR-17,
338,"670318/5500",104,7,14-MAR-20,
339,"555813/6672",32,7,28-FEB-17,
340,"700326/5060",44,7,14-JAN-17,
341,"965114/4492",16,7,29-MAR-16,
342,"720522/3289",119,7,28-FEB-18,
343,"905505/5779",46,7,25-JAN-20,
344,"710527/3318",120,7,01-JAN-17,
345,"635101/5022",122,7,30-MAR-18,
346,"890116/8562",119,7,27-MAR-18,
347,"755403/5500",1,7,03-MAR-18,
348,"650527/7592",33,7,07-APR-20,
349,"835321/1911",84,7,10-JAN-19,
350,"930407/9114",94,7,02-MAR-19,
351,"645310/4757",6,7,24-JAN-17,
352,"620511/6368",46,7,09-MAR-16,
353,"645620/5206",87,7,01-MAR-15,
354,"760527/2092",92,7,15-MAR-19,
355,"585324/0569",71,7,14-FEB-17,
356,"770417/6062",80,7,06-FEB-20,
357,"905804/9407",4,7,05-JAN-15,
358,"750610/9259",17,7,02-JAN-17,
359,"605719/8609",59,7,03-JAN-15,
360,"710606/5098",46,7,17-FEB-16,
361,"925716/1562",93,7,16-JAN-17,
362,"950315/6212",13,7,16-JAN-16,
363,"785313/3046",76,7,12-JAN-15,
364,"950103/3201",30,7,16-JAN-17,
365,"985509/5954",114,7,05-MAR-17,
366,"740712/9873",71,7,17-JAN-20,
367,"835817/6365",48,7,15-FEB-19,
368,"800307/0042",84,7,02-APR-18,
369,"575802/2611",88,7,06-MAR-16,
370,"750310/0143",8,7,16-MAR-16,
371,"665309/9629",83,7,01-MAR-20,
372,"810708/1807",3,7,27-FEB-18,
373,"645704/2460",50,7,04-JAN-16,
374,"870723/5636",96,7,26-FEB-16,
375,"695614/6065",35,7,25-FEB-15,
376,"580120/0482",45,7,16-MAR-20,
377,"765424/8206",98,7,03-FEB-19,
378,"720624/1482",85,7,19-FEB-20,
379,"695520/9624",112,7,10-MAR-15,
380,"600624/0614",29,7,29-MAR-20,
381,"635603/7314",30,7,20-JAN-15,
382,"630624/0248",34,7,30-MAR-19,
383,"825610/3295",14,7,30-JAN-17,
384,"850325/1966",69,7,03-APR-16,
385,"915311/7974",61,7,17-FEB-19,
386,"660807/7982",123,7,15-FEB-18,
387,"575813/4745",69,7,31-MAR-19,
388,"590103/9628",70,7,26-FEB-19,
389,"975426/3552",42,7,20-MAR-19,
390,"840823/4131",41,7,12-FEB-19,
391,"575719/3090",27,7,27-FEB-15,
392,"910813/0801",29,7,24-FEB-20,
393,"645703/1119",80,7,02-MAR-15,
394,"670512/5064",58,7,08-JAN-17,
395,"605501/7100",69,7,03-FEB-18,
396,"830519/2764",89,7,17-MAR-17,
397,"975627/2988",27,7,14-FEB-20,
398,"860306/5603",120,7,20-MAR-18,
399,"865620/1026",119,7,07-JAN-16,
400,"990307/7228",56,7,07-FEB-20,
401,"575312/6522",120,7,08-JAN-18,
402,"710312/7306",43,7,19-FEB-18,
403,"905522/8281",82,7,23-FEB-16,
404,"560320/2352",17,7,27-JAN-16,
405,"655314/8954",35,7,13-FEB-20,
406,"660116/1600",43,7,23-MAR-19,
407,"685305/7167",66,7,20-FEB-15,
408,"710723/3155",67,7,08-JAN-18,
409,"985827/9321",12,7,31-MAR-16,
410,"860704/5953",1,7,26-FEB-19,
411,"885102/1553",36,7,09-FEB-16,
412,"850522/9403",116,7,26-JAN-17,
413,"765115/8416",41,7,16-FEB-19,
414,"900313/1533",79,7,27-FEB-16,
415,"555706/4843",92,7,14-MAR-17,
416,"910426/1573",49,7,31-MAR-19,
417,"585502/7860",117,7,19-JAN-15,
418,"680507/5794",31,7,21-FEB-17,
419,"945123/2978",24,7,18-JAN-15,
420,"990817/8467",100,7,07-APR-19,
421,"755315/9823",104,7,23-FEB-17,
422,"730615/4471",61,7,06-MAR-16,
423,"965509/9718",48,7,26-MAR-17,
424,"780522/5582",35,7,24-FEB-15,
425,"765223/2500",20,7,09-JAN-19,
426,"830512/9096",47,7,13-JAN-15,
427,"945609/1469",38,7,11-FEB-18,
428,"900714/1737",15,7,14-MAR-16,
429,"615714/3311",49,7,11-FEB-18,
430,"880102/0745",96,7,05-FEB-20,
431,"685108/4141",18,7,15-FEB-16,
432,"610512/9129",2,7,03-MAR-18,
433,"715414/9750",75,7,12-FEB-18,
434,"610522/1012",123,7,01-MAR-16,
435,"975425/7788",113,7,04-JAN-20,
436,"590508/2953",52,7,01-MAR-18,
437,"955614/4147",19,7,07-APR-17,
438,"790318/3772",112,7,31-JAN-17,
439,"885609/7217",120,7,11-JAN-16,
440,"750722/4747",109,7,29-JAN-19,
441,"555624/4485",89,7,06-APR-15,
442,"750706/8910",70,7,26-FEB-15,
443,"775501/7127",2,7,23-MAR-16,
444,"670701/9935",76,7,18-FEB-18,
445,"895112/6811",23,7,30-JAN-16,
446,"890425/1576",122,7,27-FEB-17,
447,"575517/7483",123,7,27-FEB-16,
448,"570518/6388",105,7,21-FEB-20,
449,"905112/6942",28,7,02-FEB-19,
450,"950513/1669",13,7,25-MAR-20,
451,"775603/3296",117,7,21-FEB-19,
452,"860113/9492",113,7,03-JAN-19,
453,"985707/1532",79,7,04-FEB-19,
454,"700811/0076",27,7,24-JAN-17,
455,"635417/9623",52,7,03-MAR-15,
456,"790123/5485",71,7,08-MAR-18,
457,"655806/4601",101,7,27-JAN-15,
458,"920213/6515",46,7,25-FEB-18,
459,"725310/5717",30,7,02-APR-15,
460,"920605/7421",111,7,04-FEB-20,
461,"915404/6517",104,7,17-FEB-15,
462,"710322/0267",43,7,06-MAR-18,
463,"925225/4517",85,7,09-APR-18,
464,"770313/7376",78,7,15-JAN-19,
465,"965701/7469",97,7,14-MAR-17,
466,"780508/1625",35,7,08-MAR-17,
467,"865512/8548",7,7,24-JAN-20,
468,"780813/1045",33,7,18-JAN-19,
469,"885521/6018",5,7,16-MAR-15,
470,"670304/2940",117,7,10-FEB-17,
471,"915621/5079",85,7,06-FEB-16,
472,"620709/7490",74,7,04-APR-15,
473,"715115/1667",112,7,19-FEB-20,
474,"850511/3859",61,7,01-FEB-18,
475,"595315/2194",116,7,23-JAN-15,
476,"710825/1381",54,7,06-APR-15,
477,"655319/0534",40,7,29-MAR-19,
478,"590327/0879",107,7,04-MAR-16,
479,"685110/0201",115,7,02-MAR-15,
480,"750427/5295",106,7,30-JAN-17,
481,"815613/5988",119,7,05-MAR-19,
482,"880407/8767",31,7,11-JAN-15,
483,"875619/9463",11,7,04-APR-15,
484,"920122/5539",97,7,25-FEB-18,
485,"955811/2663",65,7,03-MAR-18,
486,"790703/9811",37,7,16-JAN-20,
487,"735323/9894",62,7,21-JAN-18,
488,"990723/1345",71,7,23-JAN-16,
489,"645321/4405",112,7,20-JAN-17,
490,"810317/9733",11,7,06-FEB-18,
491,"815521/0327",118,7,14-MAR-15,
492,"750109/6823",43,7,17-MAR-15,
493,"965411/8474",38,7,13-JAN-16,
494,"690117/3543",3,7,18-MAR-18,
495,"585603/7044",39,7,27-JAN-16,
496,"730807/9537",64,7,05-FEB-16,
497,"865716/8872",19,7,07-FEB-19,
498,"660311/8104",16,7,16-JAN-18,
499,"865622/4269",109,7,03-APR-19,
500,"930717/8034",118,7,08-JAN-16,
501,"595416/4898",5,7,16-MAR-18,
502,"980117/3415",13,7,27-MAR-15,
503,"825514/2918",122,7,10-FEB-18,
504,"750314/1921",75,7,02-JAN-20,
505,"675615/8046",62,7,15-FEB-17,
506,"630314/0393",24,7,01-APR-19,
507,"705312/8775",91,7,12-FEB-15,
508,"910618/7167",83,7,02-JAN-15,
509,"635304/4137",106,7,29-MAR-19,
510,"850520/9482",106,7,18-FEB-16,
511,"605610/8256",42,7,17-MAR-15,
512,"940603/7850",118,7,28-MAR-17,
513,"735109/8667",57,7,18-FEB-20,
514,"750726/0761",77,7,14-MAR-16,
515,"815510/3495",53,7,15-JAN-17,
516,"980120/2279",5,7,08-JAN-17,
517,"895607/1465",69,7,08-FEB-16,
518,"550811/2401",9,7,10-FEB-17,
519,"585701/3019",114,7,17-MAR-17,
520,"640406/3391",68,7,05-MAR-15,
521,"895107/7113",64,7,25-MAR-16,
522,"660316/4480",28,7,09-MAR-20,
523,"645827/3404",24,7,16-FEB-20,
524,"810304/8206",110,7,06-JAN-17,
525,"985415/3760",79,7,23-MAR-15,
526,"710527/1976",101,7,13-FEB-18,
527,"885112/6306",48,7,08-MAR-15,
528,"980312/9226",81,7,19-JAN-17,
529,"725212/3142",31,7,10-MAR-18,
530,"700627/0733",49,7,24-JAN-15,
531,"635322/5384",57,7,01-JAN-16,
532,"670324/6924",19,7,19-FEB-20,
533,"995408/8144",111,7,02-JAN-17,
534,"800511/6845",112,7,07-JAN-15,
535,"555817/6965",114,7,24-MAR-20,
536,"950326/1845",90,7,18-MAR-20,
537,"875418/4197",94,7,04-APR-20,
538,"600614/6179",36,7,07-FEB-19,
539,"985319/6826",42,7,26-JAN-20,
540,"950601/5618",103,7,20-FEB-19,
541,"745811/8987",39,7,01-APR-16,
542,"560822/9803",16,7,16-MAR-15,
543,"625803/5916",102,7,15-JAN-16,
544,"820616/0237",20,7,21-FEB-17,
545,"735102/8795",97,7,03-MAR-16,
546,"700323/3204",37,7,19-JAN-17,
547,"795823/5659",63,7,23-FEB-18,
548,"940607/3094",72,7,31-JAN-19,
549,"745416/8557",63,7,02-APR-18,
550,"760218/7659",89,7,16-MAR-20,
551,"895420/4908",55,7,16-MAR-16,
552,"720401/4565",77,7,23-JAN-18,
553,"845715/3276",12,7,26-MAR-19,
554,"940516/8927",79,7,10-FEB-19,
555,"765123/1060",99,7,06-APR-20,
556,"930723/6851",49,7,08-MAR-19,
557,"605515/0277",1,7,01-APR-19,
558,"730316/2416",27,7,12-MAR-18,
559,"975620/3886",99,7,11-JAN-19,
560,"580618/7123",121,7,14-JAN-20,
561,"935317/8747",30,7,24-JAN-17,
562,"810115/1091",33,7,15-JAN-18,
563,"855703/6752",116,7,13-FEB-15,
564,"670317/0617",4,7,02-JAN-15,
565,"855608/7463",47,7,18-FEB-15,
566,"910703/1637",5,7,05-MAR-20,
567,"605212/2164",42,7,03-JAN-19,
568,"960724/9575",32,7,22-FEB-16,
569,"695815/3290",11,7,24-MAR-18,
570,"680810/8021",23,7,22-FEB-20,
571,"795805/1827",104,7,08-APR-18,
572,"810818/2764",12,7,31-MAR-16,
573,"665306/3780",12,7,06-JAN-15,
574,"620504/9642",43,7,11-MAR-20,
575,"885225/9020",91,7,15-MAR-15,
576,"770510/1822",48,7,27-MAR-19,
577,"665121/1853",50,7,13-MAR-18,
578,"670409/8423",109,7,19-JAN-18,
579,"685218/2073",71,7,17-MAR-20,
580,"610419/9123",72,7,14-JAN-20,
581,"835426/5260",44,7,03-APR-17,
582,"730601/3517",34,7,03-JAN-20,
583,"715625/5436",121,7,07-FEB-17,
584,"570403/8186",73,7,20-MAR-20,
585,"905511/9359",114,7,02-MAR-17,
586,"960521/4982",106,7,09-MAR-20,
587,"695606/1123",104,7,09-FEB-16,
588,"990726/7513",11,7,09-JAN-18,
589,"815525/9189",31,7,25-JAN-18,
590,"720225/3894",6,7,17-FEB-20,
591,"585322/2793",111,7,02-APR-20,
592,"590525/4740",74,7,01-JAN-17,
593,"675807/1738",64,7,27-JAN-20,
594,"780310/8544",122,7,22-FEB-17,
595,"555617/0235",120,7,05-APR-20,
596,"640619/2408",86,7,01-JAN-17,
597,"945318/7623",108,7,02-JAN-18,
598,"550613/8572",14,7,10-JAN-15,
599,"565701/5958",47,7,21-MAR-19,
600,"820807/8714",109,7,29-MAR-18,
601,"575324/7159",87,7,20-FEB-20,
602,"730320/3182",54,7,04-JAN-20,
603,"995515/7311",56,7,24-MAR-19,
604,"570625/3377",30,7,13-MAR-17,
605,"855508/6056",42,7,05-APR-20,
606,"940110/6957",105,7,28-JAN-18,
607,"985520/2544",27,7,17-FEB-20,
608,"570402/7923",97,7,03-MAR-18,
609,"745415/0264",37,7,24-FEB-18,
610,"850720/9887",101,7,16-MAR-20,
611,"925212/9018",119,7,23-JAN-16,
612,"700706/2326",49,7,20-FEB-17,
613,"555319/4185",93,7,06-FEB-19,
614,"730427/7552",28,7,13-MAR-20,
615,"625704/6125",89,7,04-APR-17,
616,"670413/8947",19,7,26-MAR-16,
617,"955324/1412",84,7,26-MAR-19,
618,"960327/3856",27,7,05-MAR-16,
619,"715513/0334",75,7,04-MAR-15,
620,"560321/6872",20,7,26-FEB-19,
621,"685319/3325",64,7,26-FEB-19,
622,"770620/1129",23,7,24-MAR-18,
623,"915309/7910",119,7,05-FEB-18,
624,"970523/6849",74,7,19-MAR-18,
625,"755516/0327",15,7,31-JAN-16,
626,"970306/9860",89,7,14-JAN-16,
627,"675322/4907",109,7,29-JAN-17,
628,"920403/9152",53,7,09-MAR-20,
629,"885227/1868",9,7,16-MAR-19,
630,"810319/0227",9,7,15-MAR-16,
631,"675312/5918",31,7,05-APR-17,
632,"780822/6888",99,7,21-MAR-15,
633,"985526/9435",29,7,31-MAR-18,
634,"700311/0664",28,7,22-JAN-15,
635,"745516/5652",97,7,26-FEB-16,
636,"680809/9650",11,7,02-MAR-15,
637,"935612/6505",88,7,15-FEB-16,
638,"890818/7178",64,7,08-APR-16,
639,"745704/7939",69,7,24-JAN-18,
640,"710626/7564",65,7,16-FEB-15,
641,"845206/0859",19,7,05-JAN-20,
642,"810711/9713",61,7,19-MAR-18,
643,"725210/2451",33,7,25-FEB-19,
644,"680125/2997",21,7,10-APR-17,
645,"895305/7707",82,7,16-MAR-18,
646,"750527/4029",95,7,29-JAN-20,
647,"735119/3718",3,7,27-MAR-15,
648,"940301/0287",42,7,09-MAR-19,
649,"965209/1262",58,7,21-MAR-16,
650,"570424/2346",87,7,15-JAN-20,
651,"595315/5164",81,7,29-MAR-17,
652,"840302/7611",83,7,04-MAR-16,
653,"905618/9868",16,7,03-MAR-17,
654,"790322/6507",84,7,27-JAN-18,
655,"555301/6084",18,7,24-JAN-18,
656,"990405/5491",89,7,08-MAR-18,
657,"575311/5302",16,7,01-MAR-16,
658,"650304/8761",6,7,29-JAN-18,
1314,"960420/4610",81,7,02-APR-17,
1315,"555303/7226",78,7,28-JAN-16,
1316,"940326/6587",2,7,26-MAR-15,
1317,"835817/7773",100,7,21-JAN-15,
1318,"640425/5044",58,7,18-JAN-15,
1319,"885611/3123",104,7,03-APR-17,
1320,"640615/8165",3,7,02-MAR-18,
1321,"765402/8063",16,7,05-APR-19,
1322,"710425/8755",10,7,28-JAN-18,
1323,"945810/9111",69,7,28-FEB-16,
1324,"590622/4533",13,7,01-MAR-18,
1325,"725118/2180",123,7,01-FEB-16,
1326,"840412/0142",29,7,03-MAR-17,
1327,"835412/1006",22,7,08-MAR-19,
1328,"750824/7087",85,7,17-JAN-17,
1329,"905805/5413",98,7,02-APR-18,
1330,"850824/2677",89,7,09-FEB-15,
1331,"685425/6002",8,7,01-FEB-18,
1332,"790426/6876",1,7,28-FEB-20,
1333,"765505/0865",37,7,26-FEB-20,
1334,"580516/7203",60,7,09-APR-17,
1335,"885319/2381",5,7,22-MAR-17,
1336,"880114/1294",48,7,12-JAN-15,
1337,"935409/4497",21,7,17-FEB-19,
1338,"720807/8922",10,7,23-JAN-19,
1339,"605106/1335",10,7,01-JAN-20,
1340,"980807/3539",36,7,27-MAR-16,
1341,"595320/6875",114,7,07-APR-19,
1342,"730807/7535",66,7,16-JAN-17,
1343,"815305/0818",24,7,27-JAN-20,
1344,"700327/3431",109,7,29-MAR-20,
1345,"785715/4822",46,7,18-MAR-16,
1346,"830312/6667",96,7,26-MAR-16,
1347,"585406/2500",90,7,28-MAR-18,
1348,"730520/7646",31,7,05-APR-15,
1349,"725715/0538",66,7,23-MAR-19,
1350,"750108/7517",33,7,23-FEB-15,
1351,"905319/1851",28,7,08-JAN-18,
1352,"990610/5220",95,7,08-MAR-18,
1353,"765417/0502",35,7,25-MAR-18,
1354,"680523/8044",77,7,24-MAR-16,
1355,"845611/1004",115,7,08-FEB-15,
1356,"930608/7670",81,7,13-MAR-18,
1357,"775321/3941",25,7,26-FEB-18,
1358,"750611/8576",116,7,04-FEB-20,
1359,"565616/3986",61,7,28-JAN-19,
1360,"700307/3880",20,7,27-MAR-19,
1361,"905325/2142",50,7,07-MAR-20,
1362,"850406/8199",19,7,07-APR-20,
1363,"595604/2620",14,7,14-MAR-18,
1364,"640819/2241",79,7,28-JAN-19,
1365,"575120/9508",92,7,20-JAN-19,
1366,"940409/6218",44,7,09-MAR-17,
1367,"755416/5674",106,7,31-MAR-16,
1368,"640112/6028",59,7,16-JAN-16,
1369,"685807/2969",91,7,24-FEB-19,
1370,"590801/3738",3,7,23-JAN-18,
1371,"815126/4660",106,7,19-MAR-17,
1372,"920426/2364",41,7,21-JAN-17,
1373,"925807/4155",89,7,04-JAN-17,
1374,"600518/9740",17,7,06-APR-18,
1375,"865305/0769",6,7,30-MAR-19,
1376,"600821/3442",100,7,21-JAN-17,
1377,"925515/6647",82,7,03-JAN-19,
1378,"910720/4843",117,7,31-MAR-18,
1379,"565103/7249",13,7,04-JAN-20,
1380,"560825/1011",45,7,23-MAR-15,
1381,"835603/9021",43,7,05-JAN-20,
1382,"700301/9177",118,7,19-JAN-18,
1383,"815308/1695",50,7,11-JAN-18,
1384,"780501/0345",80,7,20-FEB-16,
1385,"795506/1213",6,7,02-MAR-16,
1386,"770322/9512",60,7,27-JAN-15,
1387,"865119/0878",10,7,01-APR-15,
1388,"930419/7001",97,7,14-MAR-20,
1389,"955704/2902",59,7,13-MAR-17,
1390,"680710/3171",41,7,27-MAR-16,
1391,"745406/2880",8,7,22-FEB-19,
1392,"860722/1073",36,7,04-MAR-15,
1393,"755608/0543",51,7,09-APR-19,
1394,"680519/2757",12,7,04-MAR-18,
1395,"695120/3721",120,7,13-JAN-18,
1396,"680324/1962",79,7,16-JAN-17,
1397,"575525/6628",88,7,31-JAN-19,
1398,"900510/6484",6,7,27-FEB-18,
1399,"985819/9362",67,7,10-FEB-15,
1400,"650527/3599",117,7,08-MAR-17,
1401,"825119/4182",87,7,22-FEB-17,
1402,"850720/6477",4,7,15-FEB-16,
1403,"575804/0255",114,7,18-MAR-15,
1404,"560614/9780",98,7,10-MAR-19,
1405,"875507/0401",119,7,03-FEB-18,
1406,"720120/5660",52,7,03-APR-17,
1407,"855110/6960",42,7,23-JAN-15,
1408,"880626/5765",88,7,15-JAN-18,
1409,"665313/0880",5,7,05-JAN-19,
1410,"770407/7920",39,7,24-FEB-18,
1411,"655522/1827",65,7,13-MAR-20,
1412,"960604/0862",35,7,30-JAN-15,
1413,"685819/8710",71,7,13-FEB-18,
1414,"830719/9725",106,7,24-JAN-15,
1415,"915403/1502",98,7,07-JAN-16,
1416,"900308/7236",57,7,14-FEB-16,
1417,"675312/8096",122,7,28-FEB-16,
1418,"570303/2214",48,7,26-MAR-19,
1419,"745404/4147",114,7,08-JAN-19,
1420,"690308/2989",79,7,28-MAR-19,
1421,"605223/2494",10,7,12-JAN-18,
1422,"750615/0003",91,7,23-MAR-15,
1423,"945321/7279",86,7,06-JAN-19,
1424,"900620/1820",74,7,17-FEB-18,
1425,"855815/3582",75,7,14-JAN-15,
1426,"800127/9198",45,7,11-JAN-18,
1427,"795522/0009",15,7,01-FEB-15,
1428,"940425/6158",76,7,26-FEB-16,
1429,"895825/8584",45,7,01-MAR-18,
1430,"630104/4816",111,7,05-MAR-20,
1431,"685301/9624",6,7,05-FEB-16,
1432,"620315/0547",5,7,13-FEB-15,
1433,"775621/6028",56,7,16-FEB-19,
1434,"870415/3843",6,7,09-FEB-20,
1435,"785618/6789",120,7,07-MAR-17,
1436,"960707/2068",108,7,11-FEB-17,
1437,"835618/1746",65,7,10-MAR-19,
1438,"560422/7486",9,7,29-MAR-17,
1439,"975718/1082",3,7,23-MAR-16,
1440,"940420/5580",73,7,17-JAN-18,
1441,"795120/4327",110,7,16-FEB-17,
1442,"910327/6171",23,7,22-MAR-19,
1443,"725420/5398",116,7,05-APR-15,
1444,"860805/0275",16,7,07-FEB-17,
1445,"855615/0922",66,7,14-MAR-16,
1446,"900505/3079",20,7,22-MAR-17,
1447,"695727/8361",104,7,20-FEB-15,
1448,"910303/2598",78,7,19-FEB-20,
1449,"695702/1852",101,7,15-FEB-16,
1450,"730618/4061",39,7,24-FEB-18,
1451,"815112/3893",78,7,27-FEB-15,
1452,"600725/0062",103,7,18-JAN-17,
1453,"965415/7304",117,7,02-FEB-20,
1454,"940824/3306",44,7,22-FEB-18,
1455,"565315/3055",99,7,15-FEB-19,
1456,"980625/6372",88,7,08-JAN-15,
1457,"595311/6521",63,7,08-FEB-20,
1458,"690425/5611",70,7,23-FEB-20,
1459,"645616/7575",13,7,22-MAR-20,
1460,"970514/3437",113,7,13-FEB-16,
1461,"835625/8614",34,7,04-MAR-18,
1462,"850606/3522",63,7,25-MAR-20,
1463,"635703/0515",60,7,22-JAN-17,
1464,"780812/6337",52,7,25-FEB-17,
1465,"675519/5535",122,7,23-FEB-15,
1466,"730522/9481",43,7,31-MAR-20,
1467,"805216/0292",77,7,11-FEB-15,
1468,"710123/4745",123,7,21-MAR-19,
1469,"915107/7837",101,7,07-JAN-19,
1470,"740407/7901",111,7,01-JAN-19,
1471,"705318/0992",61,7,01-FEB-17,
1472,"650306/5756",51,7,02-JAN-19,
1473,"775618/6482",54,7,17-FEB-18,
1474,"720212/9770",56,7,05-APR-15,
1475,"655607/6648",52,7,13-MAR-19,
1476,"800507/1734",44,7,06-APR-16,
1477,"955627/6928",81,7,05-JAN-19,
1478,"820509/0476",89,7,21-MAR-17,
1479,"835722/4579",76,7,06-JAN-18,
1480,"860322/9437",18,7,01-APR-19,
1481,"835615/6644",39,7,04-JAN-18,
1482,"840101/6371",76,7,01-FEB-17,
1483,"745720/0377",32,7,14-MAR-15,
1484,"720609/9472",10,7,01-FEB-20,
1485,"875511/6106",32,7,14-MAR-15,
1486,"630703/6087",78,7,22-FEB-19,
1487,"975821/4521",82,7,14-MAR-19,
1488,"730404/7795",66,7,11-FEB-20,
1489,"945313/0841",123,7,30-MAR-18,
1490,"840509/6293",104,7,23-MAR-20,
1491,"765124/9386",88,7,02-JAN-19,
1492,"550504/2532",84,7,10-JAN-20,
1493,"745426/2662",52,7,31-JAN-16,
1494,"890826/3617",62,7,08-JAN-20,
1495,"905426/9202",123,7,17-FEB-16,
1496,"880703/0782",108,7,30-MAR-18,
1497,"915821/6452",52,7,24-MAR-20,
1498,"790609/3404",84,7,08-APR-18,
1499,"965218/1792",20,7,21-MAR-16,
1500,"730122/1059",17,7,21-JAN-19,
1501,"615622/7990",58,7,08-JAN-20,
1502,"690405/5873",82,7,22-MAR-15,12-OCT-15
1503,"965810/9846",50,7,27-JAN-15,20-APR-15
1504,"650301/1317",113,7,17-MAR-15,04-APR-15
1505,"735719/8189",59,7,07-FEB-17,27-OCT-17
1506,"750115/4254",65,7,19-JAN-19,31-JUL-19
1507,"665622/8139",74,7,28-MAR-18,11-SEP-18
1508,"770505/3378",49,7,25-MAR-19,11-APR-20
1509,"555310/0597",88,7,15-FEB-15,10-APR-15
1510,"890701/2686",80,7,08-FEB-20,13-MAY-20
1511,"845817/9510",32,7,03-APR-15,28-JUN-15
1512,"880116/2359",24,7,25-MAR-20,04-AUG-21
1513,"645127/8955",3,7,17-MAR-20,03-MAY-21
1514,"900810/7944",67,7,16-JAN-16,27-SEP-16
1515,"655624/2759",118,7,27-FEB-18,05-JUN-19
1516,"600206/6906",96,7,03-MAR-15,21-MAY-16
1517,"815420/3002",114,7,21-MAR-18,21-NOV-18
1518,"920514/0153",9,7,13-JAN-20,23-OCT-20
1519,"995312/8460",95,7,07-FEB-15,15-FEB-16
1520,"720209/9828",89,7,25-JAN-18,15-APR-19
1521,"895108/2943",83,7,23-FEB-17,04-APR-18
1522,"710109/8565",106,7,07-FEB-19,16-APR-20
1523,"855619/9520",7,7,29-MAR-15,14-JUN-16
1524,"770606/5048",120,7,02-APR-19,05-AUG-20
1525,"915519/0297",16,7,02-FEB-16,25-DEC-16
1526,"850303/0866",40,7,31-MAR-16,13-JUN-17
1527,"825615/2190",34,7,13-JAN-18,28-AUG-18
1528,"730717/2675",22,7,30-JAN-16,26-DEC-16
1529,"955319/9964",83,7,13-JAN-16,09-SEP-16
1530,"910526/5928",11,7,13-MAR-17,11-FEB-18
1531,"585308/3951",97,7,09-JAN-18,04-SEP-18
1532,"860323/4123",98,7,05-FEB-15,28-OCT-15
1533,"585423/6366",72,7,21-MAR-18,16-NOV-18
1534,"910806/6220",82,7,17-JAN-20,28-MAR-20
1535,"845621/9343",89,7,21-MAR-17,21-JUL-18
1536,"970822/3228",82,7,16-MAR-19,15-APR-20
1537,"765423/8823",54,7,24-MAR-15,01-FEB-16
1538,"640811/5043",62,7,16-MAR-20,05-MAY-21
1539,"595801/2313",60,7,09-FEB-15,23-MAR-15
1540,"800426/2156",31,7,19-MAR-15,28-MAR-15
1541,"665314/8997",12,7,04-MAR-20,05-AUG-20
1542,"700607/2293",11,7,31-JAN-19,06-FEB-20
1543,"995320/6879",120,7,16-JAN-16,16-MAY-16
1544,"870112/7314",123,7,03-MAR-17,29-JUN-18
1545,"565209/8892",123,7,03-JAN-20,31-JUL-20
1546,"610416/3230",32,7,18-MAR-18,25-MAY-18
1547,"615801/9857",18,7,03-MAR-16,08-FEB-17
1548,"620519/2840",105,7,18-MAR-17,28-AUG-17
1549,"965314/5920",107,7,01-FEB-15,01-NOV-15
1550,"760326/0280",9,7,21-FEB-16,30-MAR-16
1551,"725201/5243",19,7,21-FEB-17,22-MAR-18
1552,"630105/2406",71,7,27-FEB-20,22-SEP-20
1553,"745601/5336",5,7,17-MAR-17,17-DEC-17
1554,"640706/8052",107,7,09-MAR-15,14-JUL-16
1555,"855827/9785",50,7,08-FEB-19,25-MAY-19
1556,"810102/1236",104,7,23-MAR-20,03-DEC-20
1557,"975617/5704",76,7,10-APR-17,15-JUN-18
1558,"820705/5516",11,7,05-MAR-18,28-DEC-18
1559,"765822/0416",118,7,17-FEB-16,28-APR-17
1560,"850622/0712",25,7,23-FEB-18,02-JUN-19
1561,"755708/9144",24,7,23-FEB-18,25-JUL-18
1562,"870401/9071",20,7,15-FEB-15,01-AUG-15
1563,"685317/8112",59,7,02-JAN-15,27-JUL-15
1564,"900418/0867",21,7,17-JAN-19,28-JAN-19
1565,"855627/9710",1,7,28-JAN-18,04-JUN-19
1566,"690810/8394",71,7,04-APR-17,02-MAY-17
1567,"565302/3145",60,7,27-JAN-17,02-MAR-18
1568,"750403/5022",42,7,07-APR-15,21-SEP-15
1569,"965406/0548",38,7,13-MAR-18,30-JUN-19
1570,"590814/7256",60,7,31-JAN-19,27-OCT-19
1571,"585325/4407",53,7,04-MAR-18,16-DEC-18
1572,"970814/1619",1,7,27-MAR-18,18-JUL-18
1573,"955701/9505",36,7,29-JAN-19,31-DEC-19
1574,"870812/7560",49,7,09-MAR-17,16-JAN-18
1575,"785627/3436",81,7,09-MAR-18,02-JUN-18
1576,"970811/0621",79,7,04-JAN-15,13-MAY-16
1577,"795504/4284",10,7,28-FEB-19,31-MAR-19
1578,"930420/6769",18,7,17-FEB-16,11-OCT-16
1579,"845522/9431",72,7,14-MAR-17,04-JUN-17
1580,"990125/6200",97,7,18-MAR-16,18-MAY-17
1581,"945701/1718",32,7,09-JAN-18,05-FEB-19
1582,"750403/0655",65,7,11-JAN-20,06-JUN-20
1583,"765407/8388",112,7,22-FEB-17,17-JUN-18
1584,"980310/9173",92,7,10-JAN-20,06-APR-21
1585,"835607/4298",61,7,12-MAR-19,27-MAY-20
1586,"690620/0169",92,7,10-APR-18,30-OCT-18
1587,"875603/4342",88,7,16-FEB-17,29-APR-17
1588,"970402/8510",71,7,22-JAN-16,30-JUL-16
1589,"845127/0410",50,7,17-FEB-16,08-JAN-17
1590,"620608/9384",97,7,09-FEB-17,13-MAY-18
1591,"785401/5004",58,7,21-JAN-17,14-JAN-18
1592,"900327/8042",116,7,22-MAR-19,18-FEB-20
1593,"615825/8348",14,7,07-APR-18,24-JUL-19
1594,"800823/3728",102,7,13-MAR-18,01-SEP-18
1595,"675313/2056",100,7,07-MAR-20,13-JUN-21
1596,"890506/2793",49,7,05-APR-15,15-JUN-15
1597,"695317/7528",107,7,26-JAN-15,01-FEB-16
1598,"670722/8407",74,7,30-MAR-19,04-APR-19
1599,"725520/4055",66,7,16-MAR-19,11-MAY-20
1600,"970112/7370",72,7,12-JAN-20,27-MAR-20
1601,"575515/3591",31,7,01-APR-19,30-APR-19
1602,"610717/5591",30,7,08-APR-17,02-SEP-17
1603,"775405/6387",67,7,03-JAN-17,27-FEB-18
1604,"680426/1332",116,7,15-FEB-17,09-NOV-17
1605,"955309/4826",81,7,05-APR-15,22-AUG-15
1606,"640805/5324",73,7,24-MAR-18,16-NOV-18
1607,"945705/4827",75,7,01-FEB-19,10-MAY-20
1608,"790822/5292",26,7,25-FEB-19,28-AUG-19
1609,"755621/2862",24,7,24-JAN-18,28-MAY-19
1610,"720125/2982",16,7,12-JAN-15,01-MAR-16
1611,"975525/7105",100,7,10-APR-17,21-AUG-18
1612,"970418/3170",58,7,15-MAR-18,15-JUL-18
1613,"625812/5236",83,7,20-MAR-17,25-MAR-18
1614,"770817/2604",112,7,08-JAN-19,06-JUN-19
1615,"675111/6031",110,7,19-MAR-19,09-SEP-19
1616,"890616/2826",11,7,03-APR-15,25-JUN-15
1617,"715822/3875",93,7,17-FEB-20,07-MAR-21
1618,"700317/9337",29,7,03-APR-15,25-JUL-16
1619,"945122/8083",122,7,08-JAN-19,21-FEB-19
1620,"740427/6319",42,7,25-JAN-15,08-MAR-15
1621,"885313/3465",84,7,03-MAR-20,06-JUL-20
1622,"870511/1723",108,7,19-MAR-20,07-FEB-21
1623,"625321/9170",34,7,10-FEB-16,13-JAN-17
1624,"730407/0719",66,7,24-JAN-18,19-AUG-18
1625,"905424/9930",83,7,27-MAR-16,21-NOV-16
1626,"770514/5536",31,7,08-FEB-18,05-FEB-19
1627,"875807/5667",57,7,10-JAN-18,14-SEP-18
1628,"990811/9870",53,7,11-JAN-20,12-JAN-21
1629,"885716/1786",77,7,12-FEB-17,20-JUL-17
1630,"850520/0715",112,7,15-JAN-16,31-MAR-16
1631,"885618/1180",27,7,21-FEB-15,21-DEC-15
1632,"610805/5558",43,7,12-MAR-18,15-JAN-19
1633,"645513/7469",84,7,06-FEB-18,12-APR-18
1634,"950305/5914",24,7,07-MAR-16,22-NOV-16
1635,"675427/1931",59,7,01-APR-15,04-JUN-16
1636,"660305/1576",24,7,18-MAR-16,13-APR-16
1637,"935807/7971",4,7,12-JAN-15,13-JAN-15
1638,"760620/8379",83,7,06-JAN-16,15-MAR-17
1639,"835505/9779",94,7,31-MAR-19,13-APR-20
1640,"900801/1661",73,7,02-JAN-15,31-JAN-15
1641,"765318/8774",106,7,08-JAN-15,17-DEC-15
1642,"670126/3723",74,7,28-MAR-20,05-APR-20
1643,"735721/5569",94,7,18-FEB-18,13-MAY-18
1644,"970320/9582",108,7,19-FEB-19,02-MAY-20
1645,"585515/1203",42,7,08-MAR-15,28-MAR-15
1646,"930520/8297",79,7,13-JAN-15,19-DEC-15
1647,"815616/9131",122,7,10-APR-19,01-JUN-19
1648,"770506/6402",34,7,25-JAN-19,23-MAR-19
1649,"685305/4329",4,7,26-MAR-16,01-MAY-17
1650,"630507/7548",50,7,30-JAN-15,18-APR-15
1651,"845510/3998",75,7,07-JAN-15,01-MAR-15
1652,"630513/1008",52,7,06-APR-15,27-FEB-16
1653,"585711/9301",28,7,27-MAR-18,29-MAY-18
1654,"800105/7955",47,7,20-MAR-20,20-SEP-20
1655,"775120/6111",5,7,08-APR-16,10-FEB-17
1656,"800120/6873",2,7,03-APR-16,22-NOV-16
1657,"955309/6135",79,7,05-FEB-15,04-JAN-16
1658,"600621/5622",115,7,24-FEB-19,22-MAR-20
1659,"645715/0953",107,7,06-MAR-20,06-JUN-20
1660,"950503/8334",112,7,21-FEB-19,19-JUN-20
1661,"685213/9844",29,7,03-MAR-20,28-APR-20
1662,"890420/2637",26,7,06-MAR-20,27-AUG-20
1663,"885509/2532",17,7,14-FEB-17,16-NOV-17
1664,"790605/1186",1,7,18-FEB-15,13-MAY-16
1665,"985604/0436",97,7,07-APR-15,02-SEP-15
1666,"990821/9838",31,7,01-JAN-20,04-FEB-21
1667,"875316/6224",20,7,07-MAR-20,27-JUL-20
1668,"760215/9301",75,7,09-JAN-16,26-DEC-16
1669,"815319/9252",115,7,01-MAR-16,06-JUL-16
1670,"570310/5617",104,7,11-FEB-17,21-FEB-17
1671,"715325/2975",74,7,22-MAR-19,13-AUG-19
1672,"700304/3542",119,7,11-JAN-17,27-FEB-18
1673,"935113/2659",76,7,04-MAR-16,21-NOV-16
1674,"860517/4215",45,7,23-FEB-18,15-MAR-18
1675,"645201/5746",4,7,24-MAR-16,23-SEP-16
1676,"720219/4417",102,7,08-JAN-19,01-FEB-19
1677,"815819/6783",123,7,11-FEB-17,23-MAR-18
1678,"800110/5607",118,7,25-MAR-18,24-MAY-19
1679,"565514/2174",74,7,14-FEB-19,14-APR-19
1680,"780516/5841",58,7,02-JAN-17,10-MAR-18
1681,"655717/3656",75,7,13-MAR-16,17-MAR-16
1682,"770710/8112",47,7,27-JAN-20,03-JUN-21
1683,"815712/6989",55,7,09-APR-16,11-NOV-16
1684,"740721/1878",57,7,27-MAR-15,26-FEB-16
1685,"855405/6269",62,7,27-MAR-15,21-MAR-16
1686,"630702/1677",5,7,09-JAN-17,28-MAR-17
1687,"835805/0877",33,7,19-MAR-18,18-JAN-19
1688,"850303/8214",114,7,23-MAR-16,01-DEC-16
1689,"845605/3760",49,7,21-JAN-19,23-MAR-20
1690,"550319/2728",98,7,20-FEB-18,11-NOV-18
1691,"955119/4873",104,7,27-FEB-17,16-MAR-18
1692,"600523/1100",94,7,10-APR-19,29-JUN-20
1693,"745714/6631",59,7,27-JAN-15,06-OCT-15
1694,"850726/0333",103,7,08-MAR-20,07-MAY-21
1695,"715313/9587",32,7,18-FEB-19,12-JUL-19
1696,"690122/7146",25,7,15-FEB-15,09-MAY-15
1697,"645517/9291",114,7,11-JAN-16,11-OCT-16
1698,"570606/3033",20,7,04-APR-18,22-JUN-18
1699,"735514/1420",39,7,25-JAN-15,28-SEP-15
1700,"940119/8829",120,7,15-JAN-17,05-JUN-17
1701,"705724/8143",38,7,07-APR-18,15-MAR-19
1702,"730524/8060",22,7,12-JAN-20,23-FEB-21
1703,"655302/4225",19,7,20-FEB-19,23-APR-20
1704,"640503/7078",35,7,28-FEB-19,12-JUN-20
1705,"635609/3260",4,7,13-MAR-16,09-JUN-16
1706,"980326/8277",40,7,03-APR-17,24-JUN-18
1707,"845520/8729",92,7,17-MAR-18,23-MAY-19
1708,"960815/4237",70,7,03-MAR-15,30-JUN-16
1709,"955624/0947",62,7,20-FEB-16,12-OCT-16
1710,"670327/0024",100,7,18-MAR-16,31-JUL-16
1711,"875504/8346",43,7,03-FEB-16,20-DEC-16
1712,"750308/3500",80,7,06-JAN-15,08-MAR-16
1713,"865805/4834",76,7,22-FEB-19,16-MAR-19
1714,"710723/7566",74,7,12-MAR-19,29-JAN-20
1715,"645309/5451",51,7,08-JAN-16,09-APR-16
1716,"820710/9064",86,7,05-APR-15,01-JUN-16
1717,"565206/6816",69,7,14-MAR-17,19-JUN-18
1718,"910421/5065",68,7,10-MAR-18,06-MAR-19
1719,"955808/8518",120,7,11-FEB-20,28-JAN-21
1720,"720301/9659",109,7,02-FEB-18,27-MAY-18
1721,"975706/4185",43,7,13-MAR-20,14-JUL-21
1722,"670405/0749",74,7,30-JAN-19,11-JAN-20
1723,"605816/8622",72,7,03-MAR-15,08-MAY-15
1724,"760516/5832",64,7,22-MAR-20,13-DEC-20
1725,"975822/0505",123,7,26-MAR-16,16-JUL-17
1726,"650419/9075",34,7,27-FEB-16,15-MAR-17
1727,"555126/5082",53,7,19-FEB-20,09-AUG-20
1728,"700604/2912",83,7,23-FEB-17,24-APR-17
1729,"865706/0896",68,7,10-FEB-15,14-DEC-15
1730,"740312/0637",113,7,14-JAN-19,01-MAY-20
1731,"975725/3407",39,7,11-FEB-15,11-AUG-15
1732,"780824/9636",121,7,24-JAN-19,15-MAY-19
1733,"925321/1143",35,7,06-JAN-20,19-MAY-20
1734,"710708/7020",20,7,06-MAR-20,07-JAN-21
1735,"785522/9525",37,7,06-MAR-20,10-AUG-20
1736,"960520/7073",110,7,06-JAN-15,03-APR-15
1737,"845404/5787",1,7,17-MAR-17,25-JUN-18
1738,"690826/6090",81,7,21-FEB-17,12-MAY-18
1739,"795720/1065",29,7,15-FEB-18,22-JUL-18
1740,"950413/2913",15,7,08-APR-16,10-JAN-17
1741,"995502/6675",54,7,09-APR-20,19-OCT-20
1742,"780301/4252",119,7,23-FEB-18,10-MAY-18
1743,"985511/5996",93,7,02-APR-18,30-JAN-19
1744,"880720/4670",4,7,14-MAR-17,13-JUL-18
1745,"905704/2115",3,7,15-MAR-19,15-MAR-20
1746,"990815/7886",44,7,05-APR-17,04-MAR-18
1747,"975325/0474",109,7,17-FEB-17,03-APR-17
1748,"660418/9559",30,7,30-JAN-18,13-JUN-18
1749,"865418/5078",39,7,13-FEB-17,18-MAR-18
1750,"750804/2850",88,7,26-MAR-16,27-OCT-16
1751,"775504/9566",48,7,18-FEB-15,14-SEP-15
1752,"970521/2682",53,7,20-MAR-15,13-MAY-15
1753,"765224/8296",6,7,15-FEB-17,30-APR-17
1754,"770407/5478",55,7,09-JAN-16,31-JUL-16
1755,"615102/5628",38,7,21-MAR-18,15-JUL-19
1756,"690102/1446",18,7,01-APR-18,10-NOV-18
1757,"775401/9383",27,7,26-MAR-20,16-APR-21
1758,"940624/0635",51,7,27-JAN-19,28-JUN-19
1759,"595316/8320",98,7,02-APR-16,19-APR-17
1760,"770821/3579",113,7,16-JAN-15,10-JAN-16
1761,"615623/1675",83,7,27-MAR-19,05-SEP-19
1762,"960301/2221",42,7,11-JAN-16,26-AUG-16
1763,"695315/1986",72,7,09-FEB-20,29-JUL-20
1764,"550306/0156",7,7,27-JAN-18,20-AUG-18
1765,"585726/4446",86,7,03-MAR-17,13-JUL-18
1766,"550518/5807",10,7,13-FEB-20,17-FEB-21
1767,"805402/2966",74,7,11-FEB-17,12-AUG-17
1768,"630801/7320",80,7,07-FEB-19,15-FEB-20
1769,"575614/4350",52,7,07-JAN-15,12-MAR-15
1770,"900127/7439",70,7,27-MAR-18,23-JAN-19
1771,"865701/6181",43,7,02-APR-16,10-JAN-17
1772,"820617/6110",39,7,14-MAR-19,21-OCT-19
1773,"915320/9098",117,7,15-FEB-15,21-APR-15
1774,"840803/8122",85,7,16-FEB-17,21-AUG-17
1775,"975114/8363",23,7,06-MAR-19,26-SEP-19
1776,"650113/4684",32,7,09-APR-16,24-JUL-17
1777,"825810/4811",54,7,26-MAR-17,22-DEC-17
1778,"720513/8039",17,7,08-APR-16,15-JUL-16
1779,"735725/0340",15,7,17-FEB-20,04-APR-21
1780,"710502/3541",43,7,22-MAR-19,01-APR-20
1781,"895303/4486",120,7,07-JAN-17,14-FEB-18
1782,"550317/4875",3,7,09-MAR-16,21-MAY-16
1783,"725210/9722",110,7,29-JAN-15,11-AUG-15
1784,"550803/5665",40,7,21-MAR-19,17-FEB-20
1785,"575716/8164",63,7,07-JAN-16,22-JAN-17
1786,"790307/6665",11,7,05-MAR-16,09-JUN-16
1787,"935324/2140",47,7,12-MAR-15,25-APR-15
1788,"920122/8872",16,7,28-MAR-19,10-APR-19
1789,"905316/0831",38,7,31-MAR-20,25-FEB-21
1790,"750822/0071",77,7,15-JAN-17,20-JAN-17
1791,"555805/1213",123,7,06-APR-17,31-JAN-18
1792,"890507/3210",15,7,12-JAN-19,09-SEP-19
1793,"915523/9126",64,7,15-JAN-17,29-JAN-18
1794,"890803/4509",76,7,26-JAN-15,02-NOV-15
1795,"715609/4066",64,7,13-JAN-18,03-MAY-19
1796,"900319/0999",15,7,25-FEB-18,15-SEP-18
1797,"885313/4719",22,7,14-JAN-15,25-NOV-15
1798,"840522/5840",53,7,05-JAN-16,06-MAR-16
1799,"565816/8527",94,7,18-MAR-17,23-MAR-18
1800,"800602/3949",25,7,13-FEB-15,02-OCT-15
1801,"905612/6057",49,7,04-FEB-15,05-JAN-16
1802,"850416/1809",122,7,09-JAN-17,18-NOV-17
1803,"995525/1262",36,7,14-FEB-16,22-JUL-16
1804,"750827/6831",32,7,27-FEB-16,21-APR-17
1805,"765704/0963",63,7,11-JAN-20,20-FEB-20
1806,"770612/6362",87,7,08-APR-19,22-MAY-19
1807,"795726/9661",66,7,06-APR-20,09-JUL-20
1808,"700404/8865",57,7,06-APR-18,19-JUL-18
1809,"845503/2025",65,7,08-FEB-15,06-APR-16
1810,"810611/4500",61,7,03-MAR-19,24-OCT-19
1811,"865723/4509",83,7,30-JAN-19,10-JAN-20
1812,"580323/8936",107,7,08-APR-17,21-MAR-18
1813,"965322/5406",91,7,04-MAR-18,26-APR-18
1814,"920317/8952",94,7,08-FEB-15,28-APR-15
1815,"925208/6624",39,7,02-FEB-18,14-JUN-18
1816,"620727/4568",41,7,17-MAR-19,04-AUG-19
1817,"675121/4173",14,7,29-JAN-15,05-NOV-15
1818,"900317/7920",79,7,14-FEB-18,28-SEP-18
1819,"555126/2772",66,7,05-APR-19,17-JUL-20
1820,"940311/4138",86,7,29-MAR-18,15-JUN-18
1821,"635122/3197",9,7,22-FEB-19,05-DEC-19
1822,"590508/3448",58,7,05-APR-20,02-JUL-20
1823,"775509/6888",12,7,12-JAN-19,06-JUN-19
1824,"700610/6063",40,7,15-FEB-19,23-NOV-19
1825,"995316/9391",4,7,25-FEB-20,04-JUL-21
1826,"780607/5310",111,7,21-MAR-16,13-FEB-17
1827,"835322/8763",42,7,20-MAR-18,18-SEP-18
1828,"960613/1513",4,7,16-FEB-16,15-APR-16
1829,"655524/2782",101,7,04-JAN-20,21-JAN-20
1830,"880624/2126",11,7,16-MAR-15,15-APR-15
1831,"645314/9461",84,7,23-FEB-20,16-APR-21
1832,"810416/8083",74,7,05-JAN-15,18-JAN-16
1833,"635319/3803",10,7,22-JAN-15,28-AUG-15
1834,"610514/5222",115,7,26-JAN-18,22-OCT-18
1835,"575117/6640",14,7,16-MAR-18,19-MAY-18
1836,"670101/4287",107,7,14-MAR-17,29-AUG-17
1837,"665118/0800",96,7,04-MAR-17,19-SEP-17
1838,"830516/3966",114,7,01-APR-15,27-SEP-15
1839,"765808/2267",2,7,02-JAN-18,29-JAN-18
1840,"680413/5778",25,7,19-MAR-17,28-OCT-17
1841,"985519/4305",67,7,01-MAR-16,16-MAR-16
1842,"830526/3758",9,7,20-MAR-19,10-JUN-20
1843,"895725/8156",96,7,19-JAN-16,06-SEP-16
1844,"590806/6076",97,7,18-JAN-18,04-JAN-19
1845,"555321/2016",108,7,25-MAR-19,13-JUL-19
1846,"780621/7210",51,7,19-MAR-17,26-JUL-18
1847,"955114/2491",97,7,23-JAN-18,24-APR-19
1848,"740107/5110",118,7,19-FEB-15,07-SEP-15
1849,"845623/6855",57,7,28-FEB-15,07-DEC-15
1850,"810513/6633",18,7,06-JAN-19,02-MAY-19
1851,"875625/4991",94,7,01-FEB-20,16-MAY-20
1852,"690813/1318",103,7,22-JAN-18,27-JUN-18
1853,"995505/4252",53,7,16-MAR-16,18-SEP-16
1854,"690304/7162",92,7,11-MAR-17,11-JAN-18
1855,"735621/4954",110,7,11-FEB-15,03-MAR-15
1856,"620310/9176",41,7,11-JAN-16,18-JUL-16
1857,"875119/7477",63,7,11-MAR-15,24-OCT-15
1858,"900411/9355",25,7,12-JAN-16,28-MAY-16
1859,"645310/3668",77,7,21-MAR-18,25-OCT-18
1860,"560702/8427",25,7,27-FEB-19,12-NOV-19
1861,"595320/9834",47,7,26-MAR-20,09-AUG-20
1862,"840101/2037",113,7,13-MAR-19,12-JUL-19
1863,"795118/8179",25,7,19-FEB-17,12-NOV-17
1864,"570111/4276",14,7,19-JAN-20,23-FEB-21
1865,"925412/5760",65,7,08-APR-20,05-JAN-21
1866,"920402/6733",110,7,04-JAN-19,26-APR-19
1867,"835301/4824",80,7,30-JAN-16,18-DEC-16
1868,"660324/6001",60,7,13-MAR-19,06-JUL-20
1869,"735825/3199",26,7,23-FEB-20,24-MAR-20
1870,"860415/2953",79,7,04-APR-15,09-MAY-16
1871,"775522/6094",67,7,06-MAR-20,19-MAY-21
1872,"870315/8057",51,7,19-JAN-16,08-DEC-16
1873,"815502/9674",70,7,29-MAR-18,29-MAY-18
1874,"750315/1854",11,7,09-FEB-18,22-JAN-19
1875,"895411/3795",69,7,14-MAR-18,27-JUL-18
1876,"740816/9010",57,7,05-APR-16,14-MAY-17
1877,"885607/4337",41,7,06-MAR-18,06-DEC-18
1878,"590320/1414",7,7,06-MAR-20,13-APR-20
1879,"815324/2801",20,7,19-JAN-18,06-MAR-19
1880,"680526/6479",87,7,18-FEB-18,11-JUL-18
1881,"695820/4242",62,7,19-MAR-18,08-JAN-19
1882,"760617/7678",22,7,12-JAN-15,29-NOV-15
1883,"825616/5192",17,7,21-MAR-18,22-JUL-18
1884,"840726/7715",93,7,31-JAN-17,03-OCT-17
1885,"805120/7791",97,7,18-JAN-18,16-APR-18
1886,"820308/9664",72,7,21-JAN-17,01-JUL-17
1887,"985425/1341",67,7,13-JAN-17,23-MAY-17
1888,"940511/4873",93,7,03-FEB-15,23-MAR-16
1889,"885609/3037",17,7,20-MAR-18,20-DEC-18
1890,"580303/7438",91,7,24-JAN-20,30-JUN-20
1891,"885723/1262",39,7,05-MAR-18,19-JUN-19
1892,"860319/4996",22,7,24-MAR-18,15-MAY-18
1893,"795110/9386",3,7,13-FEB-15,14-MAR-16
1894,"740103/9789",9,7,18-JAN-20,28-OCT-20
1895,"995301/3323",49,7,09-JAN-19,25-MAR-20
1896,"980501/6606",59,7,15-JAN-20,08-FEB-21
1897,"915313/6619",52,7,16-JAN-19,18-SEP-19
1898,"940718/0431",7,7,19-FEB-16,16-DEC-16
1899,"855802/1219",116,7,14-JAN-18,15-APR-18
1900,"800613/6446",103,7,26-MAR-20,09-JUN-21
1901,"595714/5843",16,7,08-MAR-16,16-JUL-16
1902,"740711/3395",94,7,04-JAN-17,15-OCT-17
1903,"705127/6584",38,7,12-FEB-15,31-DEC-15
1904,"950519/9396",76,7,17-MAR-16,03-AUG-16
1905,"655118/1208",103,7,16-MAR-20,04-JUN-20
1906,"650419/1474",99,7,21-FEB-15,30-JUL-15
1907,"855302/5866",43,7,07-JAN-17,26-APR-18
1908,"600527/2724",32,7,12-JAN-15,09-MAY-16
1909,"875307/1426",10,7,04-MAR-18,13-MAR-19
1910,"550715/5533",106,7,08-JAN-17,29-DEC-17
1911,"825705/5994",58,7,25-FEB-19,24-JAN-20
1912,"750806/9074",68,7,29-JAN-17,24-APR-18
1913,"665326/8677",26,7,12-MAR-16,21-DEC-16
1914,"990319/8470",49,7,26-FEB-18,05-MAR-19
1915,"755813/1603",12,7,17-JAN-15,25-AUG-15
1916,"930820/2046",81,7,26-FEB-20,12-OCT-20
1917,"935524/2974",25,7,11-MAR-20,24-JUL-20
1918,"760423/1558",83,7,05-JAN-17,07-JUN-17
1919,"965110/8214",32,7,30-JAN-17,26-DEC-17
1920,"970808/6971",108,7,18-JAN-15,17-AUG-15
1921,"635805/5242",114,7,03-FEB-17,03-MAR-17
1922,"970714/6790",24,7,26-MAR-20,17-JUN-20
1923,"975518/7607",33,7,11-JAN-17,21-JAN-18
1924,"710720/8383",6,7,10-JAN-17,02-FEB-17
1925,"635516/3199",78,7,21-FEB-18,01-FEB-19
1926,"930711/1407",54,7,09-JAN-15,03-MAR-15
1927,"945315/4689",71,7,15-MAR-17,05-DEC-17
1928,"800419/2438",59,7,20-MAR-18,11-NOV-18
1929,"835103/1876",121,7,28-MAR-20,18-SEP-20
1930,"600226/5544",56,7,19-FEB-15,05-AUG-15
1931,"975301/5745",13,7,22-JAN-19,29-OCT-19
1932,"800625/7897",3,7,19-MAR-17,26-JAN-18
1933,"675317/2657",113,7,25-MAR-15,31-MAR-16
1934,"740125/0868",62,7,02-APR-17,13-MAY-17
1935,"975517/8312",18,7,09-APR-18,12-MAY-18
1936,"980306/8044",67,7,14-FEB-16,19-MAR-16
1937,"795122/2345",101,7,15-JAN-19,10-MAR-20
1938,"870425/5615",110,7,03-JAN-18,20-FEB-18
1939,"905620/8150",118,7,22-FEB-17,27-JUN-17
1940,"950311/3576",107,7,03-MAR-19,22-JUN-19
1941,"645807/9727",109,7,23-MAR-15,26-MAR-16
1942,"640206/4867",75,7,18-JAN-20,22-DEC-20
1943,"635317/4993",95,7,18-MAR-19,30-MAR-20
1944,"940825/8827",37,7,25-MAR-20,01-APR-21
1945,"955327/2938",1,7,03-APR-20,09-JAN-21
1946,"570503/2718",120,7,21-MAR-19,11-DEC-19
1947,"925526/4271",79,7,19-MAR-19,31-DEC-19
1948,"560711/8869",95,7,21-MAR-17,18-JUN-17
1949,"945722/1202",100,7,03-JAN-16,22-MAR-16
1950,"780514/4072",87,7,06-JAN-19,12-FEB-19
1951,"755304/0858",8,7,10-APR-17,31-DEC-17
1952,"850816/2729",72,7,19-FEB-16,28-MAR-17
1953,"615514/5953",90,7,08-FEB-20,17-APR-21
1954,"740802/3304",26,7,12-FEB-20,09-MAR-21
1955,"635124/2689",31,7,11-MAR-19,16-NOV-19
1956,"970303/1096",67,7,20-JAN-20,03-JAN-21
1957,"695711/7574",96,7,15-MAR-20,31-JAN-21
1958,"930506/5286",43,7,26-MAR-16,10-AUG-16
1959,"995501/6599",13,7,22-JAN-16,06-FEB-16
1960,"960407/1224",14,7,09-MAR-19,09-MAR-20
1961,"705810/3690",13,7,12-MAR-19,25-MAY-20
1962,"790826/5772",61,7,29-MAR-15,16-MAY-16
1963,"575312/2375",117,7,17-FEB-18,18-FEB-18
1964,"780527/0748",17,7,03-MAR-18,10-MAY-19
1965,"825820/2986",24,7,02-MAR-20,20-APR-21
1966,"590503/0340",97,7,02-APR-15,28-SEP-15
1967,"815801/1972",117,7,05-APR-17,09-DEC-17
1968,"980304/7023",3,7,06-JAN-17,04-MAY-17
1969,"615415/7647",88,7,28-JAN-18,12-JAN-19
1970,"940327/1845",38,7,25-FEB-15,15-MAR-15
1971,"905814/6009",73,7,02-FEB-19,31-JUL-19
1972,"950818/7249",78,7,19-MAR-19,21-OCT-19
1973,"875411/8604",31,7,26-MAR-15,23-JAN-16
1974,"870104/0051",43,7,06-FEB-20,14-JUN-20
1975,"805622/6343",12,7,14-FEB-15,24-MAR-16
1976,"870118/1665",109,7,03-JAN-17,23-DEC-17
1977,"685126/2462",76,7,27-MAR-17,17-MAY-17
1978,"830701/9754",76,7,17-MAR-15,28-JAN-16
1979,"815514/5130",120,7,31-JAN-18,17-FEB-18
1980,"780714/8745",48,7,08-JAN-15,30-NOV-15
1981,"775718/4468",44,7,11-JAN-20,18-JAN-21
1982,"970814/6976",111,7,03-JAN-19,20-FEB-20
1983,"735721/3479",111,7,21-FEB-15,14-APR-15
1984,"650321/9228",88,7,14-MAR-15,09-JUN-16
1985,"835410/7069",36,7,12-JAN-19,06-JUL-19
1986,"650510/6311",50,7,31-JAN-18,26-FEB-18
1987,"795707/1265",109,7,02-APR-19,22-MAY-20
1988,"890111/8303",70,7,20-MAR-15,24-DEC-15
1989,"765815/2117",2,7,19-FEB-16,20-NOV-16
1990,"940305/3803",21,7,18-FEB-19,19-JUN-19
1991,"985804/0709",112,7,12-FEB-16,30-MAY-16
1992,"600725/3593",21,7,06-FEB-19,08-MAR-19
1993,"855412/4150",49,7,01-FEB-16,19-MAR-16
1994,"680120/1638",38,7,31-JAN-20,01-OCT-20
1995,"715314/8728",99,7,17-JAN-20,12-FEB-20
1996,"630722/5122",80,7,14-MAR-18,26-MAR-18
1997,"745523/4380",2,7,26-FEB-19,29-JAN-20
1998,"830109/5473",31,7,09-FEB-17,03-FEB-18
1999,"815318/3621",121,7,09-APR-15,13-SEP-15
2000,"670618/4232",7,7,06-MAR-16,02-SEP-16
1096,"910807/0642",8,7,30-MAR-18,
1097,"695725/6229",100,7,18-JAN-15,
1098,"570627/5707",16,7,05-MAR-19,
1099,"835717/4760",88,7,02-FEB-18,
1100,"910617/1602",81,7,07-MAR-19,
1101,"775326/2099",25,7,14-MAR-20,
1102,"940113/2631",91,7,12-MAR-19,
1103,"595813/7075",19,7,24-MAR-20,
1104,"770716/7545",85,7,10-JAN-15,
1105,"945807/3196",102,7,23-JAN-20,
1106,"980315/6572",89,7,15-MAR-19,
1107,"775524/6268",67,7,16-MAR-19,
1108,"980105/1568",80,7,24-MAR-17,
1109,"655709/0034",32,7,04-MAR-15,
1110,"690404/5896",87,7,06-JAN-16,
1111,"765705/7441",122,7,02-APR-18,
1112,"770503/9716",21,7,02-JAN-15,
1113,"755526/8336",4,7,07-MAR-20,
1114,"770420/4046",110,7,11-FEB-15,
1115,"985401/5457",69,7,22-FEB-16,
1116,"730110/2831",68,7,31-MAR-19,
1117,"725827/1394",65,7,15-MAR-20,
1118,"870317/9078",98,7,22-JAN-19,
1119,"955413/0025",89,7,29-MAR-19,
1120,"560212/9137",71,7,14-MAR-15,
1121,"965304/6876",77,7,15-MAR-17,
1122,"690406/3826",55,7,21-JAN-20,
1123,"765703/3450",82,7,01-MAR-16,
1124,"900806/4318",21,7,13-MAR-18,
1125,"605226/9674",39,7,05-APR-16,
1126,"760704/3015",61,7,05-APR-19,
1127,"895802/5637",94,7,25-JAN-16,
1128,"840101/2719",10,7,08-APR-16,
1129,"575808/8919",120,7,18-JAN-15,
1130,"600322/6218",119,7,03-JAN-20,
1131,"755123/8123",102,7,22-MAR-19,
1132,"610314/0516",84,7,21-FEB-15,
1133,"885204/1341",52,7,19-JAN-15,
1134,"940102/6184",42,7,03-JAN-17,
1135,"555713/7839",6,7,21-JAN-20,
1136,"580410/3250",33,7,24-FEB-18,
1137,"885122/9827",91,7,29-JAN-15,
1138,"650620/8236",122,7,11-JAN-15,
1139,"925411/7532",106,7,10-JAN-20,
1140,"600413/7128",48,7,25-FEB-15,
1141,"915417/8253",74,7,01-APR-15,
1142,"840112/0134",63,7,11-MAR-17,
1143,"915305/7617",116,7,26-JAN-16,
1144,"650521/9171",115,7,09-APR-15,
1145,"875319/4890",109,7,13-MAR-17,
1146,"770612/4756",96,7,13-MAR-16,
1147,"555813/0215",91,7,04-MAR-19,
1148,"750312/3155",42,7,11-FEB-20,
1149,"595405/3622",100,7,22-JAN-17,
1150,"560503/9594",116,7,28-FEB-18,
1151,"915406/5206",41,7,29-MAR-19,
1152,"660421/8830",58,7,22-MAR-17,
1153,"725104/3668",99,7,24-MAR-17,
1154,"650611/3218",4,7,15-JAN-18,
1155,"745102/7606",66,7,22-FEB-19,
1156,"970421/5015",17,7,12-MAR-17,
1157,"935315/6571",52,7,09-MAR-17,
1158,"970325/2295",3,7,05-APR-20,
1159,"835818/5275",12,7,17-JAN-15,
1160,"850120/6846",80,7,13-FEB-18,
1161,"925608/0207",31,7,06-MAR-16,
1162,"550721/0335",103,7,22-MAR-20,
1163,"745106/8625",25,7,25-MAR-17,
1164,"970119/0741",67,7,24-FEB-17,
1165,"815703/6701",90,7,22-FEB-18,
1166,"800821/6029",21,7,23-MAR-20,
1167,"715605/6116",52,7,07-JAN-20,
1168,"850517/6383",4,7,25-MAR-20,
1169,"755302/6569",96,7,12-JAN-16,
1170,"750501/5287",64,7,03-JAN-15,
1171,"925209/6139",107,7,24-JAN-20,
1172,"860308/3049",110,7,04-FEB-19,
1173,"685812/3327",48,7,18-MAR-16,
1174,"780321/3429",79,7,19-MAR-17,
1175,"565311/0617",118,7,12-FEB-17,
1176,"960408/5392",3,7,08-APR-20,
1177,"605609/8378",36,7,27-JAN-18,
1178,"670322/5397",97,7,05-FEB-15,
1179,"695327/4988",89,7,20-JAN-15,
1180,"910308/9006",64,7,08-JAN-17,
1181,"565814/7253",68,7,15-FEB-16,
1182,"860403/6034",54,7,09-JAN-16,
1183,"755325/0760",54,7,04-MAR-15,
1184,"570826/3924",29,7,02-JAN-15,
1185,"675816/9693",116,7,14-FEB-20,
1186,"560317/5314",12,7,03-JAN-20,
1187,"675712/9511",122,7,06-FEB-18,
1188,"850308/1444",27,7,20-MAR-18,
1189,"605226/8750",116,7,12-MAR-19,
1190,"880213/2174",13,7,27-FEB-15,
1191,"905303/9435",9,7,10-APR-15,
1192,"760418/9406",79,7,12-MAR-15,
1193,"955615/7303",1,7,06-FEB-15,
1194,"960325/7543",72,7,05-APR-16,
1195,"755609/2489",118,7,19-FEB-20,
1196,"720113/4556",118,7,11-JAN-16,
1197,"705113/1208",108,7,09-FEB-17,
1198,"640814/8032",12,7,08-APR-18,
1199,"775709/8151",69,7,28-FEB-17,
1200,"990416/3291",83,7,06-FEB-18,
1201,"885120/3328",108,7,22-MAR-19,
1202,"970321/1408",4,7,02-APR-19,
1203,"675523/0746",8,7,11-FEB-20,
1204,"910620/1115",19,7,21-MAR-20,
1205,"905808/9029",24,7,13-MAR-17,
1206,"900314/4667",111,7,19-FEB-18,
1207,"965122/3978",38,7,04-FEB-20,
1208,"740316/3086",46,7,05-FEB-20,
1209,"605614/5249",16,7,07-FEB-18,
1210,"680721/8253",16,7,29-MAR-18,
1211,"585323/3309",43,7,03-FEB-17,
1212,"560106/7780",69,7,28-JAN-18,
1213,"645406/1174",117,7,07-FEB-15,
1214,"600622/5533",94,7,06-JAN-15,
1215,"675525/5573",31,7,11-FEB-18,
1216,"680120/8304",65,7,23-JAN-16,
1217,"715703/6040",64,7,15-FEB-16,
1218,"910625/4718",123,7,06-JAN-19,
1219,"735313/6197",90,7,14-FEB-18,
1220,"680703/3200",24,7,18-FEB-20,
1221,"815806/5861",77,7,12-FEB-15,
1222,"930322/5668",8,7,11-MAR-19,
1223,"945420/2252",58,7,10-JAN-16,
1224,"800326/1860",18,7,27-MAR-20,
1225,"985313/3158",122,7,07-FEB-17,
1226,"820122/4482",78,7,20-JAN-15,
1227,"915312/0405",72,7,26-FEB-15,
1228,"920820/1134",39,7,13-FEB-20,
1229,"615803/4168",116,7,02-MAR-18,
1230,"710611/0528",70,7,28-FEB-20,
1231,"765516/4737",74,7,04-APR-17,
1232,"640326/4065",79,7,10-APR-15,
1233,"575522/8303",94,7,03-APR-17,
1234,"710325/3102",90,7,27-FEB-16,
1235,"745705/4308",78,7,22-FEB-18,
1236,"980307/2125",23,7,10-JAN-16,
1237,"705813/6943",72,7,17-JAN-19,
1238,"870303/6947",51,7,08-APR-15,
1239,"745126/3039",21,7,01-JAN-15,
1240,"860716/5446",7,7,05-APR-19,
1241,"915401/4023",38,7,08-JAN-18,
1242,"870408/8569",59,7,09-APR-15,
1243,"685120/2600",100,7,12-MAR-15,
1244,"890413/6846",11,7,04-APR-17,
1245,"795623/3065",97,7,14-JAN-18,
1246,"950624/7036",40,7,17-FEB-16,
1247,"595422/5431",122,7,23-JAN-15,
1248,"930721/6468",64,7,09-MAR-15,
1249,"655617/3833",36,7,05-APR-19,
1250,"960520/5731",102,7,18-MAR-20,
1251,"665724/2471",60,7,28-MAR-15,
1252,"950510/9438",86,7,16-MAR-17,
1253,"835327/3555",61,7,15-MAR-17,
1254,"820804/9388",64,7,14-MAR-15,
1255,"735424/2995",77,7,14-FEB-18,
1256,"730525/5628",112,7,20-MAR-19,
1257,"555812/9885",47,7,01-JAN-16,
1258,"720621/3454",7,7,20-JAN-18,
1259,"855814/6245",64,7,29-JAN-20,
1260,"640301/5454",123,7,08-MAR-15,
1261,"645527/2109",72,7,01-APR-16,
1262,"670113/3175",93,7,31-JAN-15,
1263,"585111/7987",109,7,10-MAR-20,
1264,"590711/8041",6,7,28-FEB-16,
1265,"755318/3484",61,7,06-FEB-20,
1266,"640102/9327",105,7,08-FEB-15,
1267,"585811/6517",103,7,16-FEB-19,
1268,"910617/5320",92,7,13-MAR-16,
1269,"865517/9038",8,7,19-MAR-20,
1270,"990115/2844",69,7,18-JAN-15,
1271,"995713/0568",68,7,29-MAR-18,
1272,"940509/8846",18,7,15-FEB-18,
1273,"835525/7339",88,7,09-FEB-17,
1274,"810710/1277",109,7,18-JAN-15,
1275,"625303/6196",40,7,02-MAR-15,
1276,"940106/1571",77,7,15-MAR-19,
1277,"835611/1225",36,7,07-MAR-17,
1278,"870305/9794",81,7,14-FEB-16,
1279,"785311/4841",74,7,15-MAR-20,
1280,"860719/3661",54,7,14-JAN-15,
1281,"785606/4414",117,7,10-FEB-18,
1282,"840508/5029",106,7,24-JAN-20,
1283,"845507/8533",62,7,22-JAN-20,
1284,"620716/3105",86,7,25-JAN-20,
1285,"805405/4195",99,7,14-JAN-19,
1286,"950302/9041",45,7,02-JAN-17,
1287,"615805/6883",123,7,16-JAN-16,
1288,"850503/0072",2,7,21-JAN-15,
1289,"775602/9600",120,7,09-FEB-16,
1290,"910319/3132",101,7,27-FEB-20,
1291,"835513/8803",58,7,05-MAR-20,
1292,"890320/1274",32,7,05-JAN-19,
1293,"635113/2777",21,7,06-FEB-20,
1294,"620119/1018",45,7,03-APR-20,
1295,"735325/5734",33,7,13-MAR-20,
1296,"570421/1524",119,7,21-JAN-15,
1297,"605124/9732",69,7,20-FEB-16,
1298,"600512/7227",106,7,13-MAR-20,
1299,"865710/2707",75,7,03-MAR-18,
1300,"580326/5941",58,7,25-JAN-15,
1301,"845311/4978",103,7,28-JAN-17,
1302,"800507/8455",114,7,28-FEB-19,
1303,"685522/4255",25,7,12-FEB-17,
1304,"700308/5738",79,7,17-FEB-20,
1305,"865315/1991",69,7,01-FEB-20,
1306,"730313/9855",1,7,24-FEB-19,
1307,"845107/7052",107,7,07-JAN-16,
1308,"760222/6676",39,7,11-FEB-19,
1309,"815711/0984",74,7,04-FEB-15,
1310,"760612/5285",25,7,22-FEB-20,
1311,"655608/2214",118,7,15-FEB-19,
1312,"740303/6608",39,7,24-MAR-20,
1313,"655815/7034",3,7,09-JAN-15,
