"ID_OPERACIE","ID_LEKARA"
1688,242
1688,428
1688,519
1689,242
1690,242
1690,428
1691,242
1691,428
1692,242
1693,242
1693,428
1694,28
1694,151
1695,28
1695,151
1696,28
1696,151
1696,167
1697,28
1697,151
1697,167
1698,28
1698,151
1698,167
1699,28
1699,151
1699,167
1700,28
1700,151
1701,28
1701,151
1701,167
1702,28
1702,151
1702,167
1703,28
1703,151
1704,28
1704,151
1704,167
1705,28
1705,151
1705,167
1706,28
1707,28
1708,28
1708,151
1709,28
1709,151
1709,167
1710,28
1710,151
1710,167
1711,28
1712,28
1713,28
1713,151
1714,28
1714,151
1715,28
1716,28
1716,151
1717,28
1717,151
1718,28
1718,151
1718,167
1719,28
1720,28
1721,28
1721,151
1722,28
1722,151
1723,28
1723,151
1723,167
1724,28
1724,151
1724,167
1725,28
1725,151
1726,28
1727,145
1727,546
1728,145
1729,145
1729,546
1729,623
1730,145
1730,546
1730,623
1731,145
1731,546
1732,145
1732,546
1732,623
1733,145
1734,145
1734,546
1734,623
1735,145
1735,546
1735,623
1736,145
1736,546
1736,623
1737,145
1737,546
1738,145
1738,546
1739,145
1739,546
1739,623
1740,145
1741,145
1742,145
1743,145
1743,546
1743,623
1744,145
1744,546
1745,145
1745,546
1745,623
1746,145
1746,546
1747,145
1747,546
1747,623
1748,145
1749,145
1749,546
1750,145
1750,546
1751,145
1751,546
1751,623
1752,145
1752,546
1753,145
1753,546
1754,145
1754,546
1755,145
1755,546
1756,145
1756,546
1757,145
1757,546
1757,623
1758,8
1758,152
1758,191
1759,8
1759,152
1759,191
1760,8
1760,152
1760,191
1761,8
1761,152
1761,191
1762,8
1762,152
1762,191
1763,8
1763,152
1764,8
1765,8
1765,152
1765,191
1766,8
1766,152
1766,191
1767,8
1767,152
1767,191
1768,8
1768,152
1768,191
1769,8
1769,152
1769,191
1770,8
1771,8
1771,152
1771,191
1772,8
1772,152
1772,191
1773,8
1774,8
1774,152
1774,191
1775,8
1775,152
1776,8
1777,8
1778,8
1778,152
1779,8
1779,152
1779,191
1780,117
1781,117
1781,154
1782,117
1782,154
1783,117
1783,154
1784,117
1784,154
1785,117
1785,154
1786,117
1787,117
1787,154
1788,117
1789,117
1789,154
1789,632
1790,117
1790,154
1791,117
1791,154
1792,117
1792,154
1793,117
1794,117
1794,154
1795,117
1796,117
1797,117
1797,154
1797,632
1798,117
1798,154
1799,117
1800,117
1800,154
1801,117
1801,154
1801,632
1802,117
1802,154
1803,117
1803,154
1803,632
1804,117
1804,154
1805,117
1806,187
1806,307
1807,187
1807,307
1808,187
1808,307
1809,187
1810,187
1810,307
1811,187
1811,307
1812,187
1812,307
1813,187
1813,307
1814,187
1814,307
1815,187
1816,187
1816,307
1817,187
1817,307
1817,445
1818,187
1818,307
1818,445
1819,187
1820,187
1820,307
1821,187
1821,307
1822,187
1822,307
1823,187
1823,307
1824,187
1824,307
1824,445
1825,187
1825,307
1826,187
1826,307
1826,445
1827,187
1827,307
1827,445
1828,187
1828,307
1828,445
1829,187
1829,307
1830,187
1830,307
1830,445
1831,187
1831,307
1831,445
1832,187
1832,307
1832,445
1833,187
1834,187
1834,307
1834,445
1835,187
1835,307
1836,187
1836,307
1836,445
1837,96
1837,225
1837,752
1838,96
1839,96
1839,225
1839,752
1840,96
1840,225
1840,752
1841,96
1841,225
1842,96
1842,225
1842,752
1843,96
1843,225
1844,96
1845,96
1846,96
1846,225
1846,752
1847,96
1847,225
1847,752
1848,96
1848,225
1848,752
1849,96
1850,96
1850,225
1851,96
1851,225
1852,96
1853,96
1853,225
1853,752
1854,96
1854,225
1855,96
1855,225
1856,96
1857,96
1857,225
1858,96
1858,225
1859,96
1860,96
1860,225
1861,96
1861,225
1862,96
1862,225
1863,101
1863,150
1864,101
1864,150
1865,101
1866,101
1867,101
1867,150
1868,101
1869,101
1869,150
1870,101
1871,101
1872,101
1873,101
1873,150
1873,280
1874,101
1874,150
1874,280
1875,101
1875,150
1875,280
1876,101
1876,150
1877,101
1878,101
1879,101
1879,150
1879,280
1880,101
1880,150
1881,101
1881,150
1882,101
1883,101
1883,150
1883,280
1884,101
1885,101
1885,150
1886,101
1886,150
1887,101
1887,150
1887,280
1888,101
1888,150
1889,101
1890,101
1890,150
1891,101
1891,150
1892,101
1893,101
1893,150
1894,101
1895,137
1896,137
1896,228
1896,283
1897,137
1897,228
1897,283
1898,137
1898,228
1898,283
1899,137
1899,228
1900,137
1900,228
1901,137
1901,228
1901,283
1902,137
1902,228
1902,283
1903,137
1904,137
1904,228
1904,283
1905,137
1906,137
1906,228
1907,137
1907,228
1908,137
1909,137
1909,228
1909,283
1910,137
1910,228
1911,137
1911,228
1911,283
1912,137
1912,228
1912,283
1913,137
1913,228
1913,283
1914,137
1915,137
1915,228
1915,283
1916,137
1916,228
1916,283
1917,137
1918,137
1919,137
1920,50
1920,115
1921,50
1921,115
1921,126
1922,50
1922,115
1922,126
1923,50
1923,115
1924,50
1925,50
1925,115
1926,50
1927,50
1928,50
1928,115
1928,126
1929,50
1929,115
1930,50
1931,50
1932,50
1933,50
1934,50
1935,50
1935,115
1936,50
1936,115
1937,50
1937,115
1938,50
1938,115
1939,50
1939,115
1940,50
1940,115
1941,50
1942,50
1942,115
1942,126
1943,50
1943,115
1944,50
1945,50
1945,115
1945,126
1946,50
1946,115
1947,50
1948,36
1948,383
1949,36
1949,383
1950,36
1951,36
1952,36
1952,383
1952,481
1953,36
1953,383
1953,481
1954,36
1954,383
1954,481
1955,36
1955,383
1955,481
1956,36
1957,7
1958,7
1959,7
1959,75
1960,7
1960,75
1960,326
1961,7
1961,75
1962,7
1962,75
1963,7
1964,7
1964,75
1964,326
1965,251
1965,405
1966,251
1967,251
1967,405
1968,251
1968,405
1969,251
1969,405
1970,251
1971,251
1972,251
1973,251
1974,251
1974,405
1975,251
1975,405
1976,251
1976,405
1977,251
1977,405
1978,251
1978,405
1978,768
1979,251
1979,405
1979,768
1980,251
1980,405
1980,768
1981,251
1981,405
1982,251
1983,251
1983,405
1984,113
1984,266
1985,113
1986,113
1986,266
1986,267
1987,113
1988,113
1989,113
1990,113
1991,113
1991,266
1992,113
1993,113
1994,113
1994,266
1995,113
1996,37
1996,393
1997,37
1998,37
1999,37
1999,393
2000,37
2001,37
2001,393
2001,406
2002,37
2002,393
2003,37
2003,393
2003,406
2004,37
2004,393
2005,37
2005,393
2005,406
2006,37
2006,393
2006,406
2007,37
2008,37
2009,146
2009,171
2009,172
2010,146
2010,171
2011,146
2012,146
2012,171
2013,146
2013,171
2014,146
2015,146
2016,146
2016,171
2016,172
2017,146
2017,171
2018,146
2018,171
2019,146
2020,146
2020,171
2020,172
2021,146
2021,171
2022,146
2022,171
2022,172
2023,146
2023,171
2024,179
2024,289
2025,179
2025,289
2025,349
2026,179
2026,289
2027,179
2027,289
2028,179
2029,179
2029,289
2030,179
2030,289
2030,349
2031,179
2031,289
2032,179
2033,179
2033,289
2034,179
2034,289
2035,179
2035,289
2036,179
2037,179
2037,289
2037,349
2038,45
2038,108
2039,45
2039,108
2040,45
2040,108
2040,135
2041,45
2041,108
2042,45
2042,108
2043,45
2043,108
2043,135
2044,45
2044,108
2044,135
2045,45
2046,163
2046,292
2047,163
2047,292
2047,455
2048,163
2048,292
2049,163
2049,292
2049,455
2050,163
2050,292
2051,163
2051,292
2052,163
2052,292
2053,163
2053,292
2053,455
2054,163
2055,163
2055,292
2055,455
2056,163
2056,292
2057,163
2058,163
2058,292
2059,163
2059,292
2059,455
2060,163
2060,292
2061,163
2061,292
2061,455
2062,163
2062,292
2063,163
2063,292
2064,163
2065,163
2066,163
2066,292
2066,455
2067,163
2067,292
2068,163
2068,292
2069,163
2069,292
2070,163
2070,292
2070,455
2071,163
2071,292
2072,163
2072,292
2072,455
2073,163
2073,292
2073,455
2074,163
2074,292
2074,455
2075,163
2075,292
2076,55
2076,59
2077,55
2077,59
2078,55
2078,59
2079,55
2080,55
2080,59
2081,55
2082,55
2083,55
2083,59
2084,55
2084,59
2085,55
2086,55
2087,55
2087,59
2087,132
2088,55
2088,59
2089,55
2089,59
2089,132
2090,55
2090,59
2091,55
2091,59
2092,55
2092,59
2093,55
2093,59
2093,132
2094,55
2094,59
2094,132
2095,55
2096,55
2096,59
2097,55
2097,59
2098,55
2099,55
2100,436
2100,597
2101,436
2101,597
2102,436
2102,597
2103,436
2103,597
2104,436
2104,597
2105,436
2105,597
2106,436
2106,597
2106,649
2107,436
2108,436
2109,436
2109,597
2110,436
2110,597
2110,649
2111,436
2112,436
2113,436
2113,597
2114,436
2114,597
2115,436
2115,597
2115,649
2116,436
2116,597
2116,649
2117,436
2117,597
2117,649
2118,436
2119,436
2119,597
2119,649
2120,436
2120,597
2120,649
2121,436
2122,436
2123,26
2124,26
2124,110
2125,26
2125,110
2125,538
2126,26
2126,110
2126,538
2127,26
2128,26
2129,26
2130,26
2130,110
2131,26
2132,26
2132,110
2132,538
2133,26
2133,110
2133,538
2134,26
2134,110
2135,26
2136,26
2136,110
2137,26
2138,26
2138,110
2138,538
2139,43
2139,210
2139,298
2140,43
2140,210
2141,43
2142,43
2142,210
2142,298
2143,43
2143,210
2143,298
2144,43
2145,43
2145,210
2145,298
2146,43
2146,210
2147,43
2147,210
2148,43
2148,210
2148,298
2149,43
2150,43
2151,43
2152,43
2152,210
2153,43
2153,210
2154,43
2155,43
2155,210
2155,298
2156,43
2157,43
2157,210
2158,43
2158,210
2159,43
2159,210
2159,298
2160,40
2160,180
2161,40
2161,180
2162,40
2162,180
2163,40
2164,40
2164,180
2326,325
2327,24
2327,161
2327,325
2328,24
2329,24
2329,161
2329,325
2330,24
2331,33
2331,91
2331,195
2332,33
2332,91
2333,33
2333,91
2333,195
2334,33
2334,91
2335,33
2336,33
2336,91
2337,33
2338,33
2338,91
2339,33
2339,91
2339,195
2340,33
2340,91
2341,33
2341,91
2341,195
2342,33
2342,91
2343,33
2343,91
2343,195
2344,33
2344,91
2345,33
2345,91
2345,195
2346,33
2346,91
2347,33
2348,33
2348,91
2348,195
2349,33
2349,91
2350,33
2351,33
2351,91
2352,33
2352,91
2353,33
2353,91
2353,195
2354,33
2354,91
2354,195
2355,33
2355,91
2355,195
2356,33
2356,91
2356,195
2357,33
2357,91
2357,195
2358,33
2359,33
2360,33
2361,33
2361,91
2361,195
2362,33
2362,91
2362,195
2363,33
2364,33
2365,34
2365,278
2365,408
2366,34
2367,34
2367,278
2367,408
2368,34
2368,278
2368,408
2369,34
2369,278
2370,34
2370,278
2370,408
2371,34
2371,278
2372,34
2373,34
2373,278
2374,34
2374,278
2374,408
2375,34
2376,34
2377,34
2377,278
2377,408
2378,34
2379,34
2379,278
2380,34
2381,34
2381,278
2381,408
2382,34
2382,278
2383,34
2383,278
2383,408
2384,34
2384,278
2385,34
2386,34
2386,278
2386,408
2387,34
2387,278
2388,34
2388,278
2388,408
2389,192
2389,520
2389,960
2390,192
2391,192
2391,520
2392,192
2392,520
2392,960
2393,192
2393,520
2394,192
2395,192
2395,520
2395,960
2396,192
2396,520
2397,192
2397,520
2398,192
2398,520
2399,192
2400,192
2401,192
2402,192
2402,520
2402,960
2403,192
2403,520
2403,960
2404,192
2405,19
2405,35
2405,85
2406,19
2406,35
2406,85
2407,19
2407,35
2407,85
2408,19
2408,35
2409,19
2410,19
2410,35
2411,19
2411,35
2411,85
2412,19
2412,35
2412,85
2413,19
2413,35
2413,85
2414,19
2414,35
2414,85
2415,19
2415,35
2415,85
2416,19
2416,35
2416,85
2417,19
2417,35
2418,19
2418,35
2418,85
2419,19
2419,35
2419,85
2420,19
2420,35
2421,19
2421,35
2422,19
2423,19
2423,35
2424,275
2424,501
2424,509
2425,275
2425,501
2425,509
2426,275
2426,501
2427,275
2427,501
2427,509
2428,275
2429,275
2429,501
2430,275
2430,501
2431,275
2431,501
2432,275
2433,275
2434,275
2435,275
2436,275
2436,501
2436,509
2437,275
2438,275
2438,501
2439,275
2440,275
2440,501
2441,275
2442,275
2442,501
2443,275
2443,501
2444,275
2444,501
2445,275
2446,275
2447,275
2447,501
2447,509
2448,275
2448,501
2448,509
2165,40
2165,180
2166,40
2167,40
2167,180
2167,269
2168,40
2168,180
2169,40
2170,40
2170,180
2170,269
2171,40
2171,180
2172,40
2172,180
2172,269
2173,40
2173,180
2173,269
2174,40
2174,180
2174,269
2175,40
2176,40
2176,180
2176,269
2177,40
2177,180
2178,40
2178,180
2179,40
2180,40
2180,180
2180,269
2181,40
2182,40
2182,180
2183,40
2183,180
2183,269
2184,40
2184,180
2184,269
2185,40
2185,180
2186,40
2187,40
2187,180
2187,269
2188,40
2189,71
2190,71
2190,87
2190,586
2191,71
2192,71
2192,87
2192,586
2193,71
2194,71
2194,87
2194,586
2195,71
2196,71
2196,87
2197,71
2197,87
2197,586
2198,71
2198,87
2198,586
2199,71
2199,87
2199,586
2200,71
2200,87
2200,586
2201,71
2202,71
2202,87
2202,586
2203,71
2203,87
2204,71
2205,71
2206,71
2206,87
2207,71
2207,87
2208,71
2209,71
2209,87
2210,71
2211,71
2212,71
2212,87
2213,71
2213,87
2213,586
2214,71
2214,87
2214,586
2215,71
2216,71
2217,71
2217,87
2218,71
2218,87
2218,586
2219,71
2219,87
2219,586
2220,71
2220,87
2221,71
2222,71
2222,87
2222,586
2223,71
2224,71
2225,106
2225,204
2226,106
2226,204
2227,106
2227,204
2228,106
2228,204
2228,395
2229,106
2229,204
2230,106
2231,106
2231,204
2231,395
2232,106
2232,204
2232,395
2233,106
2234,106
2234,204
2234,395
2235,106
2236,106
2237,106
2237,204
2237,395
2238,106
2238,204
2239,106
2239,204
2239,395
2240,106
2241,9
2242,9
2243,9
2243,10
2243,86
2244,9
2245,9
2245,10
2245,86
2246,9
2246,10
2247,9
2247,10
2247,86
2248,9
2248,10
2248,86
2249,9
2249,10
2249,86
2250,9
2250,10
2250,86
2251,9
2252,9
2252,10
2252,86
2253,9
2253,10
2254,9
2255,9
2256,9
2256,10
2256,86
2257,9
2258,9
2259,185
2259,475
2259,544
2260,185
2260,475
2261,185
2261,475
2262,185
2263,185
2263,475
2263,544
2264,185
2264,475
2264,544
2265,185
2265,475
2265,544
2266,185
2267,185
2267,475
2268,185
2268,475
2268,544
2269,185
2270,97
2271,97
2272,97
2272,386
2272,391
2273,97
2274,97
2274,386
2275,97
2275,386
2276,97
2276,386
2276,391
2277,97
2278,97
2279,97
2280,97
2280,386
2281,97
2282,97
2282,386
2283,97
2283,386
2283,391
2284,97
2285,97
2285,386
2286,97
2286,386
2286,391
2287,97
2287,386
2288,97
2288,386
2289,97
2289,386
2289,391
2290,97
2291,97
2291,386
2291,391
2292,97
2292,386
2293,97
2293,386
2294,97
2294,386
2295,97
2295,386
2295,391
2296,97
2296,386
2296,391
2297,97
2298,97
2298,386
2299,97
2299,386
2299,391
2300,97
2301,97
2301,386
2302,97
2302,386
2302,391
2303,78
2303,100
2304,78
2304,100
2304,127
2305,78
2306,78
2306,100
2307,78
2307,100
2307,127
2308,78
2308,100
2308,127
2309,78
2310,78
2311,78
2312,78
2313,24
2313,161
2313,325
2314,24
2314,161
2314,325
2315,24
2315,161
2315,325
2316,24
2316,161
2316,325
2317,24
2318,24
2319,24
2320,24
2320,161
2320,325
2321,24
2322,24
2323,24
2324,24
2324,161
2324,325
2325,24
2325,161
2326,24
2326,161
2449,275
2449,501
2449,509
2450,275
2450,501
2450,509
2451,63
2452,63
2453,63
2453,399
2453,456
2454,63
2454,399
2454,456
2455,63
2456,63
2457,63
2458,63
2458,399
2459,63
2460,63
2460,399
2461,63
2461,399
2462,63
2463,63
2463,399
2463,456
2464,63
2465,63
2465,399
2465,456
2466,63
2467,63
2467,399
2468,63
2469,63
2469,399
2470,398
2470,473
2470,713
2471,398
2471,473
2472,398
2472,473
2472,713
2473,398
2474,398
2474,473
2475,398
2475,473
2475,713
2476,398
2476,473
2476,713
2477,398
2477,473
2478,398
2478,473
2479,398
2479,473
2479,713
2480,398
2480,473
2480,713
2481,398
2482,12
2482,304
2482,394
2483,12
2484,12
2485,12
2485,304
2486,12
2486,304
2487,12
2487,304
2488,12
2489,12
2489,304
2489,394
2490,12
2491,111
2492,111
2492,123
2492,162
2493,111
2493,123
2493,162
2494,111
2494,123
2494,162
2495,111
2495,123
2495,162
2496,111
2496,123
2496,162
2497,111
2497,123
2498,111
2499,111
2499,123
2500,111
2500,123
2500,162
2501,111
2502,111
2503,111
2503,123
2503,162
2504,111
2505,111
2506,111
2507,111
2508,111
2509,111
2510,111
2510,123
2510,162
2511,111
2512,111
2512,123
2513,111
2514,111
2514,123
2515,111
2515,123
2516,111
2516,123
2516,162
2517,95
2517,265
2517,564
2518,95
2519,95
2519,265
2520,95
2520,265
2521,95
2521,265
2522,95
2522,265
2522,564
2523,95
2523,265
2523,564
2524,95
2525,95
2525,265
2525,564
2526,95
2527,95
2527,265
2528,95
2528,265
2529,95
2529,265
2530,95
2530,265
2531,95
2531,265
2532,95
2532,265
2533,95
2533,265
2534,95
2534,265
2535,95
2535,265
2535,564
2536,95
2536,265
2537,95
2537,265
2537,564
2538,95
2538,265
2539,95
2539,265
2540,95
2540,265
2541,95
2541,265
2542,95
2542,265
2543,95
2543,265
2544,95
2545,60
2545,83
2545,317
2546,60
2546,83
2546,317
2547,60
2547,83
2548,60
2548,83
2549,60
2550,60
2551,60
2552,60
2552,83
2552,317
2553,60
2553,83
2553,317
2554,60
2555,60
2556,60
2556,83
2556,317
2557,60
2557,83
2558,60
2558,83
2559,60
2559,83
2560,60
2560,83
2561,60
2561,83
2562,60
2562,83
2563,60
2563,83
2563,317
2564,60
2564,83
2564,317
2565,60
2565,83
2566,60
2566,83
2566,317
2567,60
2567,83
2567,317
2568,60
2569,60
2569,83
2569,317
2570,3
2571,3
2571,94
2572,3
2573,3
2573,94
2574,3
2575,3
2575,94
2576,3
2577,3
2577,94
2577,209
2578,3
2578,94
2579,3
2579,94
2579,209
2580,3
2580,94
2580,209
2581,3
2581,94
2582,3
2582,94
2582,209
2583,3
2584,3
2584,94
2585,3
2585,94
2585,209
2586,3
2586,94
2586,209
2587,3
2588,3
2589,203
2589,218
2589,311
2590,203
2590,218
2591,203
2592,203
2592,218
2593,203
2593,218
2593,311
2594,203
2595,203
2596,203
2596,218
2596,311
2597,203
2597,218
2598,203
2599,203
2600,203
2600,218
2600,311
2601,203
2601,218
2601,311
2602,203
2602,218
2602,311
2603,203
2603,218
2603,311
2604,203
2604,218
2605,203
2606,203
2606,218
2606,311
2607,203
2607,218
2607,311
2608,203
2608,218
2608,311
2609,203
2609,218
2609,311
2610,203
1,57
1,234
2,57
2,234
2,282
3,57
3,234
4,57
4,234
5,57
6,57
7,57
7,234
8,57
9,57
9,234
9,282
10,426
11,426
11,788
12,426
12,788
12,816
13,426
13,788
14,426
14,788
14,816
15,426
16,426
16,788
17,426
17,788
17,816
18,426
18,788
18,816
19,426
20,426
20,788
20,816
21,426
21,788
21,816
22,426
22,788
22,816
23,426
23,788
24,426
24,788
24,816
25,426
25,788
26,426
26,788
26,816
27,426
27,788
27,816
28,426
29,426
30,426
30,788
31,426
31,788
31,816
32,426
32,788
32,816
33,426
33,788
33,816
34,426
35,426
36,426
37,147
37,382
37,658
38,147
38,382
39,147
40,147
41,147
41,382
41,658
42,147
42,382
42,658
43,147
44,147
44,382
44,658
45,147
45,382
46,147
47,147
47,382
48,147
48,382
48,658
49,147
49,382
50,147
50,382
51,147
51,382
52,147
52,382
52,658
53,147
53,382
54,147
55,147
55,382
55,658
56,147
56,382
56,658
57,64
57,215
58,64
59,64
59,215
60,64
61,64
61,215
61,365
62,64
63,64
63,215
63,365
64,64
64,215
64,365
65,64
65,215
66,64
66,215
67,64
67,215
67,365
68,64
69,64
70,64
70,215
71,64
71,215
72,64
72,215
72,365
73,64
73,215
73,365
74,64
75,64
75,215
76,64
76,215
77,64
77,215
77,365
78,64
78,215
78,365
79,64
79,215
80,64
80,215
80,365
81,64
82,64
83,64
83,215
83,365
84,64
84,215
84,365
85,64
85,215
86,1
86,16
87,1
87,16
88,1
88,16
89,1
90,1
90,16
91,1
91,16
92,1
92,16
93,1
93,16
94,1
95,1
95,16
95,66
96,1
97,1
98,1
98,16
98,66
99,1
100,1
100,16
100,66
101,1
101,16
102,1
103,1
103,16
104,1
105,90
105,158
105,635
106,90
106,158
106,635
107,90
107,158
108,90
108,158
109,90
109,158
109,635
110,90
111,90
111,158
111,635
112,90
112,158
112,635
113,90
114,90
114,158
115,90
116,90
117,90
117,158
117,635
118,90
118,158
119,90
120,90
120,158
121,90
122,254
123,254
123,324
124,254
124,324
124,448
125,254
125,324
126,254
127,254
128,254
128,324
128,448
129,254
130,174
130,347
130,422
131,174
131,347
132,174
132,347
133,174
134,174
135,174
136,174
137,174
138,174
138,347
139,174
139,347
140,174
140,347
141,174
141,347
141,422
142,174
142,347
143,174
144,174
144,347
145,174
146,174
146,347
147,174
147,347
148,174
148,347
149,174
149,347
150,174
150,347
150,422
151,174
151,347
151,422
152,174
153,174
154,174
154,347
154,422
155,174
155,347
155,422
156,174
157,174
157,347
158,174
158,347
158,422
159,174
160,174
160,347
160,422
161,174
161,347
161,422
162,174
163,174
164,174
164,347
164,422
165,174
166,174
167,174
167,347
167,422
168,174
168,347
169,174
170,18
170,129
170,130
171,18
171,129
172,18
172,129
173,18
173,129
173,130
174,18
174,129
175,18
176,18
177,18
177,129
177,130
178,18
179,18
179,129
180,18
181,18
182,18
183,18
183,129
183,130
184,18
185,18
185,129
186,18
186,129
187,18
187,129
188,18
188,129
189,18
189,129
189,130
190,18
190,129
191,18
192,18
192,129
192,130
193,194
193,353
194,194
194,353
195,194
196,194
196,353
196,392
197,194
197,353
197,392
198,194
199,194
199,353
199,392
200,194
201,194
201,353
202,194
203,194
203,353
203,392
204,194
204,353
205,194
205,353
206,194
207,194
207,353
208,194
208,353
208,392
209,194
210,194
211,194
212,194
212,353
212,392
213,194
214,194
215,194
216,69
217,69
217,88
218,69
218,88
219,69
219,88
220,69
221,69
221,88
222,69
222,88
222,136
223,69
224,69
224,88
225,69
225,88
226,69
226,88
226,136
227,53
227,72
228,53
228,72
229,53
229,72
230,53
231,53
231,72
232,53
233,53
234,53
235,53
235,72
236,53
236,72
237,53
238,53
239,53
240,53
240,72
241,53
241,72
242,53
242,72
243,53
244,53
245,53
245,72
246,2
247,2
248,2
249,2
250,2
250,327
250,439
251,2
252,2
253,2
254,2
255,2
255,327
255,439
256,2
256,327
256,439
257,2
257,327
257,439
258,2
259,2
260,2
261,2
262,2
262,327
262,439
263,98
264,98
264,200
265,98
265,200
266,98
266,200
267,98
268,98
269,98
269,200
270,98
270,200
271,98
271,200
271,334
272,98
273,98
274,98
274,200
275,98
276,98
277,98
278,98
278,200
279,98
279,200
280,98
280,200
281,98
281,200
282,98
282,200
283,98
283,200
283,334
284,98
284,200
285,98
286,98
287,98
288,98
289,98
289,200
290,98
290,200
290,334
291,98
291,200
292,98
292,200
293,98
294,125
294,373
295,125
295,373
295,516
296,125
297,125
298,125
298,373
299,125
300,125
300,373
300,516
301,125
301,373
302,125
302,373
302,516
303,42
304,42
304,153
305,42
306,42
307,42
307,153
308,42
309,42
309,153
310,42
310,153
311,42
311,153
312,42
312,153
313,42
313,153
313,157
314,42
315,42
315,153
315,157
316,42
316,153
317,42
317,153
317,157
318,42
319,42
319,153
320,42
321,42
321,153
322,42
322,153
322,157
323,42
323,153
324,42
324,153
325,42
325,153
325,157
326,42
326,153
327,42
328,396
328,433
329,396
330,396
330,433
331,396
332,396
332,433
332,656
333,396
334,396
334,433
334,656
335,396
336,396
336,433
336,656
337,396
337,433
337,656
338,396
338,433
339,396
339,433
339,656
340,396
340,433
340,656
341,396
341,433
342,396
342,433
343,396
343,433
343,656
344,396
345,396
345,433
345,656
346,396
347,396
347,433
347,656
348,396
348,433
348,656
349,396
349,433
350,396
350,433
351,396
352,396
352,433
352,656
353,396
353,433
354,396
354,433
354,656
355,396
355,433
356,396
356,433
357,396
357,433
358,396
358,433
359,396
360,396
361,396
361,433
361,656
362,396
362,433
362,656
363,396
363,433
363,656
364,396
364,433
364,656
365,155
366,155
366,183
367,155
368,155
368,183
369,155
369,183
369,189
370,155
370,183
371,155
371,183
372,155
372,183
373,155
373,183
374,155
374,183
375,155
376,155
377,155
378,155
378,183
379,155
379,183
380,155
380,183
381,155
382,155
382,183
383,155
384,32
384,116
385,32
385,116
386,32
386,116
386,141
387,32
388,32
388,116
389,32
389,116
390,32
391,32
391,116
391,141
392,32
392,116
393,32
394,32
394,116
395,32
395,116
396,32
396,116
396,141
397,32
397,116
397,141
398,32
398,116
398,141
399,32
399,116
400,32
400,116
401,32
401,116
401,141
402,32
403,32
403,116
404,32
405,32
405,116
405,141
406,32
406,116
407,32
408,32
408,116
408,141
409,32
409,116
410,32
410,116
410,141
411,32
411,116
411,141
412,32
412,116
413,32
413,116
413,141
414,32
414,116
415,32
415,116
415,141
416,44
417,44
417,120
418,44
418,120
418,220
419,44
420,44
420,120
420,220
421,44
421,120
421,220
422,44
423,44
423,120
423,220
424,44
425,44
426,44
426,120
426,220
427,44
427,120
428,44
428,120
429,44
429,120
430,44
430,120
430,220
431,44
431,120
431,220
432,44
433,44
433,120
434,44
434,120
434,220
435,44
435,120
436,44
437,44
437,120
437,220
438,44
438,120
439,44
440,44
440,120
440,220
441,44
441,120
442,44
442,120
442,220
443,44
444,44
444,120
445,44
445,120
445,220
446,44
446,120
447,44
447,120
448,144
448,198
448,271
449,144
449,198
450,144
450,198
450,271
451,144
451,198
451,271
452,144
452,198
453,144
454,144
454,198
455,144
455,198
456,144
456,198
456,271
457,144
458,144
458,198
458,271
459,144
459,198
459,271
460,144
461,144
462,144
463,144
463,198
463,271
464,144
465,144
465,198
465,271
466,144
466,198
467,502
467,512
468,502
468,512
468,547
469,502
469,512
469,547
470,502
470,512
470,547
471,502
471,512
471,547
472,502
473,502
473,512
473,547
474,502
474,512
475,502
476,502
476,512
477,502
477,512
477,547
478,502
479,502
479,512
479,547
480,502
480,512
481,502
481,512
481,547
482,502
483,502
484,502
484,512
485,502
486,502
486,512
487,502
487,512
487,547
488,502
488,512
488,547
489,502
489,512
489,547
490,502
491,502
491,512
492,502
492,512
492,547
493,70
493,122
494,70
494,122
494,424
495,70
495,122
495,424
496,70
496,122
497,70
498,70
498,122
498,424
499,70
500,70
500,122
501,70
501,122
502,70
502,122
503,6
503,23
503,345
504,6
505,6
506,6
506,23
506,345
507,6
507,23
507,345
508,6
508,23
508,345
509,6
509,23
510,6
510,23
511,6
512,291
512,601
512,663
513,291
513,601
513,663
514,291
514,601
514,663
515,291
515,601
515,663
516,291
516,601
517,291
517,601
518,291
518,601
519,291
519,601
519,663
520,291
520,601
520,663
521,291
521,601
522,291
522,601
522,663
523,291
523,601
523,663
524,291
525,291
525,601
525,663
526,291
526,601
526,663
527,291
527,601
528,291
528,601
528,663
529,291
530,291
530,601
531,291
531,601
531,663
532,291
533,402
533,580
533,1108
534,402
534,580
535,402
535,580
535,1108
536,402
537,402
538,402
539,402
539,580
540,402
540,580
540,1108
541,402
542,402
543,402
543,580
543,1108
544,402
544,580
544,1108
545,402
546,402
547,402
547,580
548,402
549,402
549,580
550,402
550,580
550,1108
551,402
552,402
552,580
552,1108
553,402
553,580
554,402
554,580
554,1108
555,402
555,580
555,1108
556,402
557,402
557,580
558,402
558,580
559,402
560,402
561,402
562,58
562,107
562,118
563,58
564,58
564,107
565,58
565,107
565,118
566,58
567,58
568,58
568,107
568,118
569,58
569,107
569,118
570,58
570,107
571,58
572,58
572,107
572,118
573,58
573,107
573,118
574,58
574,107
575,58
575,107
576,58
576,107
576,118
577,58
578,58
579,58
580,58
581,58
581,107
581,118
582,58
582,107
582,118
583,58
583,107
583,118
584,58
584,107
584,118
585,58
586,58
586,107
587,58
587,107
588,58
589,58
589,107
589,118
590,58
590,107
590,118
591,58
592,22
593,22
593,114
593,134
594,22
594,114
594,134
595,22
596,22
597,22
598,22
598,114
598,134
599,22
599,114
599,134
600,22
600,114
600,134
601,133
601,168
601,169
602,133
602,168
603,133
603,168
603,169
604,133
605,133
605,168
606,133
606,168
606,169
607,133
607,168
608,133
608,168
608,169
609,133
610,133
610,168
610,169
611,133
611,168
612,61
613,61
614,61
614,104
614,246
615,61
615,104
615,246
616,61
616,104
617,61
617,104
618,61
618,104
618,246
619,61
619,104
620,61
620,104
620,246
621,61
621,104
621,246
622,61
623,61
624,61
624,104
624,246
625,61
626,61
626,104
627,61
627,104
627,246
628,61
628,104
628,246
629,61
629,104
630,61
630,104
631,61
631,104
631,246
632,61
632,104
632,246
633,61
633,104
633,246
634,61
634,104
634,246
635,61
635,104
636,61
637,61
637,104
637,246
638,61
639,61
639,104
640,29
641,29
641,89
642,89
642,131
643,29
644,29
645,29
645,89
645,131
646,29
647,29
647,89
647,131
648,29
649,29
649,89
650,29
650,89
650,131
651,68
651,173
651,229
652,68
653,68
654,68
655,68
655,173
655,229
656,68
656,173
656,229
657,68
658,68
658,173
659,68
660,68
660,173
660,229
661,68
662,68
663,68
663,173
663,229
664,68
664,173
664,229
665,68
665,173
665,229
666,68
667,68
668,68
669,68
670,68
670,173
671,68
671,173
671,229
672,68
672,173
672,229
673,68
673,173
674,68
674,173
674,229
675,68
676,68
676,173
676,229
677,68
677,173
678,68
679,68
680,68
680,173
680,229
681,68
682,62
682,143
683,62
684,62
684,143
685,62
685,143
686,62
686,143
687,62
687,143
687,286
688,62
688,143
688,286
689,62
689,143
690,62
690,143
690,286
691,62
691,143
691,286
692,62
693,62
693,143
694,62
694,143
695,62
696,62
696,143
697,62
697,143
697,286
698,82
698,170
699,82
700,82
700,170
700,240
701,82
701,170
701,240
702,82
702,170
702,240
703,82
704,82
705,82
705,170
706,82
707,82
707,170
707,240
708,82
708,170
709,82
710,82
710,170
710,240
711,82
711,170
712,82
712,170
713,82
714,216
714,273
715,216
716,216
716,273
716,301
717,216
717,273
718,216
718,273
718,301
719,216
719,273
719,301
720,216
721,216
721,273
721,301
722,216
723,216
724,216
724,273
725,216
726,216
726,273
726,301
727,216
728,216
728,273
729,216
730,216
730,273
731,216
731,273
731,301
732,216
733,216
733,273
733,301
734,216
735,216
735,273
735,301
736,216
736,273
736,301
737,216
737,273
738,216
739,216
740,216
740,273
740,301
741,216
742,216
742,273
743,216
743,273
744,216
744,273
745,216
746,216
747,38
747,253
747,337
748,38
749,38
750,38
750,253
750,337
751,38
751,253
752,38
752,253
752,337
753,38
753,253
754,38
755,38
755,253
756,38
756,253
756,337
757,38
757,253
757,337
758,38
758,253
759,38
759,253
759,337
760,38
760,253
761,38
761,253
762,38
762,253
762,337
763,38
763,253
763,337
764,38
765,38
765,253
765,337
766,38
766,253
767,38
768,38
768,253
769,38
769,253
769,337
770,38
770,253
771,38
771,253
771,337
772,38
772,253
772,337
773,38
774,38
775,38
775,253
776,38
777,46
778,46
779,46
779,109
779,164
780,46
780,109
781,46
781,109
781,164
782,46
782,109
782,164
783,46
783,109
784,46
784,109
785,46
785,109
786,46
786,109
787,46
788,46
788,109
788,164
789,46
789,109
790,46
790,109
791,46
792,46
793,46
793,109
793,164
794,410
795,410
796,410
796,480
796,594
797,410
797,480
797,594
798,410
798,480
799,410
800,410
801,410
801,480
802,410
802,480
802,594
803,410
803,480
803,594
804,410
804,480
805,410
806,41
807,41
807,207
807,306
808,41
808,207
808,306
809,41
809,207
810,41
810,207
811,41
812,41
812,207
813,41
814,41
815,41
816,41
817,41
818,41
819,41
819,207
819,306
820,41
820,207
821,41
821,207
821,306
822,41
822,207
823,41
823,207
823,306
824,41
824,207
825,41
825,207
826,41
826,207
826,306
827,41
827,207
827,306
828,41
829,41
829,207
829,306
830,41
830,207
831,41
832,41
832,207
832,306
833,41
833,207
833,306
834,41
834,207
835,41
835,207
835,306
836,41
836,207
836,306
837,305
838,305
839,305
840,305
841,305
841,746
841,775
842,305
842,746
843,305
844,305
844,746
844,775
845,305
845,746
846,305
846,746
847,305
848,305
848,746
848,775
849,305
850,305
851,305
851,746
852,305
852,746
853,305
854,305
854,746
854,775
855,305
855,746
856,305
857,305
857,746
857,775
858,305
858,746
859,305
859,746
860,305
860,746
860,775
861,305
861,746
861,775
862,230
863,230
863,407
864,230
865,230
865,407
865,459
866,230
867,230
867,407
868,230
868,407
869,230
869,407
870,230
870,407
871,230
872,230
872,407
872,459
873,230
873,407
874,230
875,230
876,230
876,407
877,230
877,407
877,459
878,230
878,407
878,459
879,11
879,39
880,11
880,39
880,67
881,11
882,11
883,11
883,39
883,67
884,11
884,39
884,67
885,11
885,39
886,11
886,39
886,67
887,11
887,39
887,67
888,11
888,39
889,11
889,39
889,67
890,11
890,39
891,11
891,39
891,67
892,11
893,11
893,39
894,11
894,39
894,67
895,11
896,11
896,39
897,11
897,39
898,11
898,39
898,67
899,11
900,11
900,39
900,67
901,11
901,39
901,67
902,11
903,11
903,39
903,67
904,11
904,39
905,11
906,11
906,39
907,11
908,11
908,39
908,67
909,11
909,39
910,11
911,11
911,39
911,67
912,11
912,39
912,67
913,11
913,39
914,11
915,11
915,39
916,74
917,74
917,181
917,281
918,74
918,181
919,74
919,181
919,281
920,74
920,181
920,281
921,74
921,181
922,74
923,74
642,29
923,181
924,74
924,181
924,281
925,74
926,74
926,181
927,74
928,74
928,181
928,281
929,74
929,181
929,281
930,74
930,181
931,74
931,181
932,74
932,181
932,281
933,74
934,81
935,81
936,81
937,81
937,244
937,369
938,81
938,244
938,369
939,81
939,244
939,369
940,81
940,244
940,369
941,81
941,244
941,369
942,81
942,244
942,369
943,81
943,244
944,81
944,244
945,81
945,244
945,369
946,81
947,81
948,81
949,227
949,231
950,227
951,227
951,231
952,227
952,231
952,250
953,227
953,231
953,250
954,227
954,231
955,227
955,231
955,250
956,227
957,227
957,231
958,227
959,227
959,231
960,248
961,248
962,248
962,430
963,248
963,430
963,432
964,248
964,430
965,248
965,430
966,248
967,248
968,248
969,248
970,248
970,430
971,248
972,248
972,430
972,432
973,248
973,430
974,248
975,248
976,248
977,248
977,430
978,248
978,430
978,432
979,248
980,248
980,430
980,432
981,248
981,430
982,248
982,430
982,432
983,248
983,430
983,432
984,248
984,430
984,432
985,248
985,430
985,432
986,248
987,248
987,430
987,432
988,248
988,430
988,432
989,65
989,99
990,65
990,99
990,233
991,65
991,99
992,65
992,99
992,233
993,65
994,65
994,99
995,65
995,99
996,65
996,99
997,65
997,99
997,233
998,65
998,99
999,65
999,99
999,233
1000,65
1000,99
1000,233
1001,65
1001,99
1001,233
1002,65
1002,99
1003,65
1004,65
1004,99
1004,233
1005,65
1005,99
1006,65
1006,99
1006,233
1007,65
1008,65
1008,99
1009,65
1010,65
1010,99
1010,233
1011,65
1011,99
1011,233
1012,27
1013,27
1013,76
1013,322
1014,27
1015,27
1015,76
1015,322
1016,27
1016,76
1016,322
1017,27
1017,76
1018,27
1018,76
1019,27
1020,27
1020,76
1020,322
1021,27
1021,76
1021,322
1022,27
1022,76
1023,27
1024,27
1025,27
1025,76
1025,322
1026,27
1026,76
1026,322
1027,27
1027,76
1028,27
1029,27
1029,76
1029,322
1030,27
1031,27
1031,76
1031,322
1032,27
1033,30
1034,30
1035,30
1035,56
1035,112
1036,30
1037,30
1037,56
1038,30
1038,56
1038,112
1039,30
1040,30
1041,30
1041,56
1041,112
1042,30
1042,56
1042,112
1043,77
1044,77
1045,77
1046,77
1046,421
1047,77
1047,421
1048,77
1048,421
1049,77
1050,77
1050,421
1050,543
1051,77
1051,421
1052,77
1052,421
1052,543
1053,77
1054,77
1054,421
1054,543
1055,77
1055,421
1055,543
1056,77
1056,421
1056,543
1057,77
1058,77
1058,421
1059,77
1060,77
1060,421
1061,77
1061,421
1061,543
1062,77
1062,421
1062,543
1063,237
1063,478
1064,237
1064,478
1065,237
1065,478
1065,489
1066,237
1066,478
1066,489
1067,237
1067,478
1068,237
1069,237
1070,237
1071,237
1071,478
1071,489
1072,237
1073,237
1074,237
1075,237
1075,478
1075,489
1076,237
1077,237
1077,478
1077,489
1078,237
1078,478
1079,237
1079,478
1079,489
1080,237
1081,237
1081,478
1082,237
1082,478
1082,489
1083,237
1084,237
1084,478
1084,489
1085,237
1085,478
1085,489
1086,237
1086,478
1086,489
1087,237
1087,478
1087,489
1088,211
1088,270
1089,211
1089,270
1090,211
1090,270
1090,329
1091,211
1091,270
1092,211
1093,211
1093,270
1093,329
1094,211
1094,270
1094,329
1095,211
1095,270
1096,211
1096,270
1097,211
1097,270
1098,211
1098,270
1099,211
1100,211
1101,211
1101,270
1102,211
1102,270
1103,211
1103,270
1103,329
1104,15
1104,128
1105,15
1106,15
1107,15
1107,128
1107,159
1108,15
1108,128
1109,15
1110,15
1111,102
1111,166
1112,102
1112,166
1113,102
1113,166
1113,214
1114,102
1114,166
1114,214
1115,102
1116,102
1116,166
1116,214
1117,102
1117,166
1117,214
1118,102
1119,102
1119,166
1120,102
1120,166
1121,102
1122,102
1122,166
1123,102
1124,102
1124,166
1124,214
1125,102
1125,166
1125,214
1126,102
1126,166
1127,102
1128,102
1128,166
1129,51
1129,165
1130,51
1131,51
1131,165
1131,309
1132,51
1132,165
1132,309
1133,51
1134,51
1134,165
1134,309
1135,51
1135,165
1135,309
1136,51
1136,165
1136,309
1137,51
1138,51
1139,51
1139,165
1140,51
1140,165
1140,309
1141,51
1141,165
1141,309
1142,51
1142,165
1143,51
1144,51
1144,165
1145,51
1146,51
1147,51
1147,165
1148,51
1148,165
1149,51
1149,165
1150,51
1151,51
1152,51
1152,165
1152,309
1153,51
1154,51
1155,51
1155,165
1155,309
1156,103
1156,249
1157,103
1157,249
1157,331
1158,103
1158,249
1159,103
1159,249
1159,331
1160,103
1161,103
1162,103
1162,249
1162,331
1163,103
1164,103
1164,249
1165,103
1166,103
1166,249
1167,103
1168,103
1168,249
1168,331
1169,103
1169,249
1169,331
1170,103
1170,249
1170,331
1171,103
1171,249
1171,331
1172,13
1172,31
1172,205
1173,13
1173,31
1174,13
1174,31
1174,205
1175,13
1176,13
1177,13
1177,31
1177,205
1178,13
1178,31
1179,13
1180,13
1180,31
1181,13
1181,31
1181,205
1182,13
1182,31
1183,13
1184,13
1184,31
1184,205
1185,13
1186,13
1186,31
1187,13
1188,13
1188,31
1188,205
1189,13
1189,31
1190,13
1190,31
1190,205
1191,13
1191,31
1191,205
1192,13
1193,149
1193,297
1193,300
1194,149
1194,297
1195,149
1195,297
1196,149
1196,297
1196,300
1197,149
1197,297
1197,300
1198,149
1198,297
1199,149
1200,149
1200,297
1200,300
1201,149
1201,297
1201,300
1202,149
1203,149
1203,297
1204,149
1205,149
1206,149
1207,149
1207,297
1207,300
1208,226
1209,226
1209,316
1209,335
1210,226
1211,226
1212,226
1212,316
1212,335
1213,226
1214,226
1215,226
1215,316
1215,335
1216,226
1216,316
1217,226
1217,316
1218,226
1218,316
1219,226
1219,316
1220,226
1220,316
1221,226
1222,226
1223,226
1224,226
1224,316
1225,226
1225,316
1226,226
1227,226
1227,316
1227,335
1228,226
1228,316
1229,226
1229,316
1230,226
1230,316
1231,226
1231,316
1231,335
1232,333
1232,537
1233,333
1233,537
1233,553
1234,333
1234,537
1234,553
1235,333
1235,537
1235,553
1236,333
1237,333
1237,537
1237,553
1238,333
1239,333
1239,537
1239,553
1240,333
1241,333
1241,537
1241,553
1242,333
1242,537
1243,333
1243,537
1243,553
1244,333
1244,537
1245,333
1245,537
1245,553
1246,333
1246,537
1246,553
1247,333
1247,537
1248,333
1249,333
1249,537
1249,553
1250,333
1250,537
1250,553
1251,333
1252,333
1253,333
1253,537
1254,333
1254,537
1255,333
1255,537
1256,333
1257,333
1258,333
1259,142
1259,417
1260,142
1260,417
1260,462
1261,142
1261,417
1262,142
1262,417
1262,462
1263,142
1263,417
1264,142
1264,417
1265,142
1265,417
1265,462
1266,142
1266,417
1266,462
1267,142
1267,417
1267,462
1268,142
1268,417
1268,462
1269,142
1270,142
1270,417
1270,462
1271,142
1271,417
1272,142
1273,142
1273,417
1273,462
1274,142
1275,142
1275,417
1275,462
1276,142
1276,417
1276,462
1277,5
1277,276
1277,338
1278,5
1278,276
1278,338
1279,5
1279,276
1279,338
1280,5
1280,276
1281,5
1281,276
1281,338
1282,5
1283,5
1283,276
1284,5
1285,5
1285,276
1285,338
1286,5
1286,276
1287,5
1287,276
1287,338
1288,5
1289,5
1289,276
1289,338
1290,5
1291,5
1292,5
1293,5
1293,276
1293,338
1294,5
1294,276
1295,5
1295,276
1296,5
1296,276
1296,338
1297,5
1298,5
1298,276
1299,5
1300,5
1300,276
1300,338
1301,5
1301,276
1302,5
1303,5
1303,276
1304,5
1304,276
1304,338
1305,5
1305,276
1305,338
1306,5
1307,5
1308,5
1309,5
1310,5
1310,276
1311,5
1311,276
1311,338
1312,5
1313,47
1314,47
1314,49
1314,460
1315,47
1315,49
1315,460
1316,47
1316,49
1317,47
1318,47
1318,49
1319,47
1319,49
1320,47
1320,49
1320,460
1321,47
1321,49
1321,460
1322,47
1322,49
1322,460
1323,47
1324,47
1325,47
1326,47
1327,47
1328,47
1328,49
1328,460
1329,47
1329,49
1329,460
1330,47
1330,49
1330,460
1331,47
1331,49
1331,460
1332,47
1333,47
1333,49
1333,460
1334,47
1334,49
1335,47
1336,47
1336,49
1336,460
1337,47
1338,47
1338,49
1339,47
1340,47
1340,49
1340,460
1341,47
1341,49
1341,460
1342,47
1342,49
1343,47
1344,47
1345,47
1345,49
1345,460
1346,47
1346,49
1346,460
1347,21
1347,93
1348,21
1348,93
1348,121
1349,21
1349,93
1349,121
1350,21
1351,21
1351,93
1352,21
1353,21
1353,93
1354,21
1355,21
1356,21
1356,93
1357,21
1358,21
1358,93
1358,121
1359,21
1359,93
1360,21
1360,93
1361,21
1361,93
1361,121
1362,21
1362,93
1362,121
1363,21
1363,93
1364,21
1364,93
1364,121
1365,21
1366,21
1366,93
1366,121
1367,21
1367,93
1367,121
1368,21
1368,93
1369,21
1369,93
1370,21
1371,21
1372,21
1372,93
1372,121
1373,21
1374,21
1374,93
1374,121
1375,140
1376,140
1376,366
1376,617
1377,140
1377,366
1377,617
1378,140
1378,366
1378,617
1379,140
1380,140
1381,140
1382,140
1382,366
1383,140
1383,366
1383,617
1384,140
1385,140
1385,366
1385,617
1386,140
1387,140
1387,366
1388,140
1388,366
1388,617
1389,140
1390,140
1390,366
1390,617
1391,140
1392,140
1393,140
1393,366
1394,140
1394,366
1394,617
1395,140
1395,366
1395,617
1396,140
1396,366
1396,617
1397,140
1397,366
1398,140
1398,366
1398,617
1399,140
1399,366
1399,617
1400,140
1401,140
1402,140
1402,366
1402,617
1403,140
1403,366
1403,617
1404,190
1405,190
1405,199
1405,463
1406,190
1406,199
1407,190
1408,190
1408,199
1409,190
1409,199
1409,463
1410,190
1411,190
1411,199
1412,190
1413,190
1413,199
1414,190
1414,199
1415,190
1415,199
1415,463
1416,190
1416,199
1416,463
1417,190
1417,199
1417,463
1418,190
1419,190
1419,199
1420,190
1420,199
1421,190
1421,199
1422,208
1422,446
1422,569
1423,208
1423,446
1424,208
1424,446
1424,569
1425,208
1425,446
1425,569
1426,208
1426,446
1426,569
1427,208
1427,446
1427,569
1428,208
1428,446
1429,208
1429,446
1430,208
1430,446
1430,569
1431,20
1432,20
1432,294
1432,313
1433,20
1433,294
1434,20
1434,294
1434,313
1435,20
1436,20
1437,20
1438,20
1439,20
1439,294
1439,313
1440,20
1440,294
1440,313
1441,20
1442,20
1443,20
1443,294
1443,313
1444,20
1444,294
1444,313
1445,20
1446,20
1447,20
1447,294
1447,313
1448,20
1448,294
1449,20
1449,294
1449,313
1450,20
1451,20
1452,20
1452,294
1452,313
1453,20
1453,294
1453,313
1454,20
1455,20
1456,20
1456,294
1456,313
1457,20
1457,294
1457,313
1458,20
1458,294
1459,20
1459,294
1460,20
1460,294
1461,20
1462,20
1463,20
1463,294
1464,20
1464,294
1465,17
1466,17
1466,139
1466,615
1467,17
1468,17
1468,139
1469,17
1469,139
1470,17
1470,139
1471,17
1471,139
1471,615
1472,17
1473,17
1474,17
1474,139
1475,17
1476,17
1476,139
1476,615
1477,17
1478,17
1478,139
1479,17
1480,362
1480,730
1481,362
1482,362
1482,730
1482,958
1483,362
1483,730
1484,362
1484,730
1485,362
1485,730
1485,958
1486,362
1486,730
1487,362
1487,730
1487,958
1488,362
1488,730
1489,362
1489,730
1490,362
1490,730
1491,362
1491,730
1492,362
1492,730
1493,362
1494,79
1494,213
1495,79
1496,79
1497,79
1497,213
1497,277
1498,79
1499,79
1500,79
1500,213
1500,277
1501,79
1501,213
1501,277
1502,79
1502,213
1503,79
1503,213
1504,79
1504,213
1504,277
1505,79
1505,213
1505,277
1506,79
1507,79
1507,213
1507,277
1508,79
1508,213
1508,277
1509,79
1509,213
1509,277
1510,79
1511,79
1511,213
1512,79
1513,79
1513,213
1514,79
1515,79
1515,213
1515,277
1516,79
1517,79
1517,213
1518,79
1518,213
1519,79
1519,213
1519,277
1520,48
1520,80
1521,48
1522,48
1522,80
1522,461
1523,48
1524,48
1524,80
1524,461
1525,48
1525,80
1525,461
1526,48
1526,80
1526,461
1527,48
1528,48
1529,48
1529,80
1529,461
1530,48
1530,80
1531,48
1531,80
1532,48
1532,80
1532,461
1533,48
1534,48
1534,80
1534,461
1535,48
1535,80
1536,48
1537,48
1538,48
1539,48
1540,48
1540,80
1541,48
1541,80
1542,48
1542,80
1543,48
1543,80
1544,48
1544,80
1544,461
1545,48
1545,80
1546,48
1546,80
1547,48
1547,80
1547,461
1548,48
1548,80
1548,461
1549,48
1549,80
1549,461
1550,48
1550,80
1550,461
1551,48
1551,80
1552,48
1553,84
1554,84
1554,212
1555,84
1555,212
1556,84
1556,212
1556,494
1557,84
1557,212
1558,84
1558,212
1558,494
1559,84
1560,84
1560,212
1560,494
1561,84
1561,212
1562,92
1563,92
1563,124
1564,92
1564,124
1564,245
1565,92
1566,92
1566,124
1566,245
1567,92
1568,92
1568,124
1569,92
1570,92
1571,92
1571,124
1571,245
1572,92
1573,92
1573,124
1573,245
1574,92
1575,92
1576,92
1576,124
1576,245
1577,92
1578,92
1579,92
1579,124
1579,245
1580,4
1580,119
1580,252
1581,4
1581,119
1581,252
1582,4
1582,119
1582,252
1583,4
1583,119
1584,4
1585,4
1585,119
1585,252
1586,4
1587,4
1587,119
1588,4
1588,119
1589,4
1589,119
1590,4
1590,119
1590,252
1591,4
1591,119
1591,252
1592,4
1592,119
1592,252
1593,4
1593,119
1594,4
1594,119
1594,252
1595,4
1595,119
1596,4
1596,119
1596,252
1597,4
1597,119
1598,4
1598,119
1599,4
1600,4
1600,119
1600,252
1601,4
1601,119
1602,4
1602,119
1602,252
1603,4
1604,4
1604,119
1604,252
1605,4
1606,4
1606,119
1606,252
1607,4
1608,4
1608,119
1609,175
1609,928
1610,175
1610,928
1611,175
1611,928
1612,175
1613,175
1613,928
1613,979
1614,175
1614,928
1615,175
1615,928
1615,979
1616,175
1616,928
1617,14
1618,14
1619,14
1620,14
1620,52
1621,14
1621,52
1621,223
1622,14
1623,14
1624,14
1624,52
1625,14
1625,52
1625,223
1626,14
1627,14
1627,52
1627,223
1628,14
1629,14
1629,52
1629,223
1630,14
1630,52
1631,14
1631,52
1631,223
1632,303
1632,726
1633,303
1633,726
1633,735
1634,303
1634,726
1634,735
1635,303
1635,726
1636,303
1636,726
1636,735
1637,303
1637,726
1637,735
1638,303
1638,726
1639,303
1639,726
1640,303
1641,303
1641,726
1642,303
1642,726
1642,735
1643,303
1643,726
1643,735
1644,303
1645,25
1646,25
1646,54
1646,241
1647,25
1648,25
1648,54
1648,241
1649,25
1649,54
1649,241
1650,25
1650,54
1650,241
1651,25
1652,25
1653,25
1653,54
1653,241
1654,25
1654,54
1655,25
1655,54
1656,25
1657,25
1658,25
1659,25
1659,54
1659,241
1660,25
1660,54
1660,241
1661,25
1661,54
1662,25
1663,25
1664,25
1665,25
1666,25
1666,54
1666,241
1667,25
1668,25
1668,54
1669,25
1670,25
1671,25
1671,54
1672,242
1672,428
1672,519
1673,242
1674,242
1675,242
1675,428
1675,519
1676,242
1677,242
1677,428
1677,519
1678,242
1678,428
1679,242
1679,428
1680,242
1680,428
1680,519
1681,242
1681,428
1681,519
1682,242
1683,242
1683,428
1684,242
1684,428
1685,242
1686,242
1686,428
1687,242
1687,428
1687,519
